ABACK: SALET CORNI ABACK 
ABASE: SALET CORNI ABASE 
ABATE: SALET CORNI DEATH ABATE 
ABBEY: SALET AMBER ABBEY 
ABBOT: SALET CORNI ABOUT ABBOT 
ABHOR: SALET CORNI ARBOR ABHOR 
ABIDE: SALET CORNI ABIDE 
ABLED: SALET ABLED 
ABODE: SALET CORNI ABODE 
ABORT: SALET CORNI ABORT 
ABOUT: SALET CORNI ABOUT 
ABOVE: SALET CORNI ABODE ABOVE 
ABUSE: SALET CORNI ABASE ABUSE 
ABYSS: SALET CORNI AMASS ABYSS 
ACORN: SALET CORNI ACORN 
ACRID: SALET CORNI ACRID 
ACTOR: SALET CORNI ACTOR 
ACUTE: SALET CORNI ACUTE 
ADAGE: SALET CORNI DUMPY ADAGE 
ADAPT: SALET CORNI ADAPT 
ADEPT: SALET CORNI WHEAT ADEPT 
ADMIN: SALET CORNI ADMIN 
ADMIT: SALET CORNI ADMIT 
ADOBE: SALET CORNI ABODE ADOBE 
ADOPT: SALET CORNI ABOUT AFOOT ADOPT 
ADORE: SALET CORNI ADORE 
ADORN: SALET CORNI GROAN ADORN 
ADULT: SALET BLOAT ADULT 
AFFIX: SALET CORNI AFFIX 
AFIRE: SALET CORNI AFIRE 
AFOOT: SALET CORNI ABOUT AFOOT 
AFOUL: SALET CORNI AFOUL 
AFTER: SALET AFTER 
AGAIN: SALET CORNI ADMIN AGAIN 
AGAPE: SALET CORNI DUMPY AGAPE 
AGATE: SALET CORNI DEATH ABATE AGATE 
AGENT: SALET CORNI AGENT 
AGILE: SALET CORNI ALIKE AGILE 
AGING: SALET CORNI AGING 
AGLOW: SALET ALLAY AGLOW 
AGONY: SALET CORNI AGONY 
AGORA: SALET CORNI ARBOR AGORA 
AGREE: SALET AMBER AGREE 
AHEAD: SALET CORNI DUMPY ADAGE AHEAD 
AIDER: SALET AMBER ANGER AIDER 
AISLE: SALET LEASE AISLE 
ALARM: SALET CORNI BRAWL ALARM 
ALBUM: SALET CORNI ALPHA ALBUM 
ALERT: SALET BLEAT ALERT 
ALGAE: SALET CORNI DUMPY BLAZE ALGAE 
ALIBI: SALET CORNI ALIBI 
ALIEN: SALET ALIEN 
ALIGN: SALET CORNI ALIGN 
ALIKE: SALET CORNI ALIKE 
ALIVE: SALET CORNI ALIKE ALIVE 
ALLAY: SALET ALLAY 
ALLEY: SALET ABLED ALLEY 
ALLOT: SALET ALLOT 
ALLOW: SALET ALLAY ALLOW 
ALLOY: SALET ALLAY ALLOY 
ALOFT: SALET BLOAT ALOFT 
ALONE: SALET CORNI ALONE 
ALONG: SALET CORNI ALONG 
ALOOF: SALET CORNI AFOUL ALOOF 
ALOUD: SALET CORNI AFOUL ALOUD 
ALPHA: SALET CORNI ALPHA 
ALTAR: SALET CORNI ALTAR 
ALTER: SALET ALTER 
AMASS: SALET CORNI AMASS 
AMAZE: SALET CORNI DUMPY AMAZE 
AMBER: SALET AMBER 
AMBLE: SALET CORNI DUMPY BLAME AMBLE 
AMEND: SALET CORNI AMEND 
AMISS: SALET CORNI AMISS 
AMITY: SALET CORNI AMITY 
AMONG: SALET CORNI AGONY AMONG 
AMPLE: SALET CORNI DUMPY AMPLE 
AMPLY: SALET CORNI ALPHA AMPLY 
AMUSE: SALET CORNI ABASE AMUSE 
ANGEL: SALET ALIEN ANGEL 
ANGER: SALET AMBER ANGER 
ANGLE: SALET CORNI ANGLE 
ANGRY: SALET CORNI BRAWN ANGRY 
ANGST: SALET BOAST ANGST 
ANIME: SALET CORNI ANIME 
ANKLE: SALET CORNI ANGLE ANKLE 
ANNEX: SALET AMBER ANNEX 
ANNOY: SALET CORNI ANNOY 
ANNUL: SALET CORNI ANNUL 
ANODE: SALET CORNI ANODE 
ANTIC: SALET CORNI ANTIC 
ANVIL: SALET CORNI ALIGN ANVIL 
AORTA: SALET CORNI AORTA 
APART: SALET CORNI DRAFT APART 
APHID: SALET CORNI AFFIX APHID 
APING: SALET CORNI AGING APING 
APNEA: SALET AMBER ANNEX APNEA 
APPLE: SALET CORNI DUMPY APPLE 
APPLY: SALET CORNI ALPHA AMPLY APPLY 
APRON: SALET CORNI APRON 
APTLY: SALET CORNI APTLY 
ARBOR: SALET CORNI ARBOR 
ARDOR: SALET CORNI ARBOR ARDOR 
ARENA: SALET CORNI ARENA 
ARGUE: SALET CORNI DUMPY ARGUE 
ARISE: SALET CORNI ARISE 
ARMOR: SALET CORNI ARBOR ARDOR ARMOR 
AROMA: SALET CORNI ARBOR AROMA 
AROSE: SALET CORNI AROSE 
ARRAY: SALET CORNI ARRAY 
ARROW: SALET CORNI ARROW 
ARSON: SALET CORNI ARSON 
ARTSY: SALET ARTSY 
ASCOT: SALET BOAST ASCOT 
ASHEN: SALET ASHEN 
ASIDE: SALET CORNI ASIDE 
ASKEW: SALET ASHEN ASKEW 
ASSAY: SALET CORNI AMASS ASSAY 
ASSET: SALET ASSET 
ATOLL: SALET CORNI ATOLL 
ATONE: SALET CORNI ATONE 
ATTIC: SALET CORNI ATTIC 
AUDIO: SALET CORNI AUDIO 
AUDIT: SALET CORNI ADMIT AUDIT 
AUGUR: SALET CORNI DUMPY AUGUR 
AUNTY: SALET CORNI AUNTY 
AVAIL: SALET CORNI AVAIL 
AVERT: SALET CORNI GREAT AVERT 
AVIAN: SALET CORNI ADMIN AVIAN 
AVOID: SALET CORNI AUDIO AVOID 
AWAIT: SALET CORNI ADMIT AWAIT 
AWAKE: SALET CORNI DUMPY HEAVE AWAKE 
AWARD: SALET CORNI DUMPY AWARD 
AWARE: SALET CORNI DUMPY BRAVE AWARE 
AWASH: SALET CORNI AMASS AWASH 
AWFUL: SALET CORNI ALPHA AWFUL 
AWOKE: SALET CORNI ABODE AWOKE 
AXIAL: SALET CORNI AVAIL AXIAL 
AXIOM: SALET CORNI AUDIO AXIOM 
AXION: SALET CORNI AXION 
AZURE: SALET CORNI DUMPY ARGUE AZURE 
BACON: SALET CORNI BACON 
BADGE: SALET CORNI GAUGE BADGE 
BADLY: SALET CORNI BADLY 
BAGEL: SALET LABEL BAGEL 
BAGGY: SALET CORNI DUMPY BAGGY 
BAKER: SALET CORNI GAYER WAFER BAKER 
BALER: SALET BALER 
BALMY: SALET RALLY BALMY 
BANAL: SALET CORNI BANAL 
BANJO: SALET CORNI BANJO 
BARGE: SALET CORNI BARGE 
BARON: SALET CORNI BARON 
BASAL: SALET BASAL 
BASIC: SALET GASSY BASIN BASIC 
BASIL: SALET BASAL BASIL 
BASIN: SALET GASSY BASIN 
BASIS: SALET GASSY BASIN BASIC BASIS 
BASTE: SALET BASTE 
BATCH: SALET CORNI BATCH 
BATHE: SALET HAUTE BATHE 
BATON: SALET CORNI BATON 
BATTY: SALET CORNI TATTY BATTY 
BAWDY: SALET CORNI DUMPY BAWDY 
BAYOU: SALET CORNI BAYOU 
BEACH: SALET CORNI PEACH BEACH 
BEADY: SALET CORNI DUMPY BEADY 
BEARD: SALET CORNI DUMPY BEARD 
BEAST: SALET BEAST 
BEECH: SALET CORNI BEECH 
BEEFY: SALET CORNI DUMPY BEEFY 
BEFIT: SALET CORNI BEFIT 
BEGAN: SALET CORNI KNEAD BEGAN 
BEGAT: SALET CORNI WHEAT BEGAT 
BEGET: SALET CORNI BEGET 
BEGIN: SALET CORNI DEIGN BEGIN 
BEGUN: SALET CORNI UNDUE BEGUN 
BEING: SALET CORNI EKING BEING 
BELCH: SALET CORNI BELCH 
BELIE: SALET CORNI BELIE 
BELLE: SALET CORNI BELLE 
BELLY: SALET CORNI BELLE BELLY 
BELOW: SALET CORNI BELOW 
BENCH: SALET CORNI FENCE BENCH 
BERET: SALET CORNI BERET 
BERRY: SALET CORNI MERRY BERRY 
BERTH: SALET CORNI BERTH 
BESET: SALET UNSET BESET 
BETEL: SALET HOTEL BETEL 
BEVEL: SALET CORNI BEVEL 
BEZEL: SALET CORNI BEVEL BEZEL 
BIBLE: SALET CORNI EXILE BIBLE 
BICEP: SALET CORNI BICEP 
BIDDY: SALET CORNI WIMPY BIDDY 
BIGOT: SALET CORNI BIGOT 
BILGE: SALET CORNI BELIE BILGE 
BILLY: SALET CORNI FILLY BILLY 
BINGE: SALET CORNI DEIGN BINGE 
BINGO: SALET CORNI ONION BINGO 
BIOME: SALET CORNI DIODE BIOME 
BIRCH: SALET CORNI BIRCH 
BIRTH: SALET CORNI BIRTH 
BISON: SALET CORNI BISON 
BITTY: SALET CORNI WITTY BITTY 
BLACK: SALET CORNI BLACK 
BLADE: SALET CORNI DUMPY BLADE 
BLAME: SALET CORNI DUMPY BLAME 
BLAND: SALET CORNI BLANK BLAND 
BLANK: SALET CORNI BLANK 
BLARE: SALET CORNI BLARE 
BLAST: SALET BLAST 
BLAZE: SALET CORNI DUMPY BLAZE 
BLEAK: SALET CORNI DUMPY BLAZE BLEAK 
BLEAT: SALET BLEAT 
BLEED: SALET CORNI BEVEL BLEED 
BLEEP: SALET CORNI BEVEL BLEED BLEEP 
BLEND: SALET CORNI BLEND 
BLESS: SALET CLOSE BLESS 
BLIMP: SALET CORNI DUMPY BLIMP 
BLIND: SALET CORNI BLIND 
BLINK: SALET CORNI BLIND BLINK 
BLISS: SALET BLUSH BLISS 
BLITZ: SALET TROLL BLITZ 
BLOAT: SALET BLOAT 
BLOCK: SALET CORNI BLOCK 
BLOKE: SALET CORNI ELOPE GLOBE BLOKE 
BLOND: SALET CORNI BLOND 
BLOOD: SALET CORNI BLOOD 
BLOOM: SALET CORNI BLOOD BLOOM 
BLOWN: SALET CORNI BLOWN 
BLUER: SALET CORNI LEPER BLUER 
BLUFF: SALET CORNI BLUFF 
BLUNT: SALET CORNI BLUNT 
BLURB: SALET CORNI DRYLY BLURB 
BLURT: SALET CORNI BLURT 
BLUSH: SALET BLUSH 
BOARD: SALET CORNI BOARD 
BOAST: SALET BOAST 
BOBBY: SALET CORNI DUMPY BOOBY BOBBY 
BONEY: SALET CORNI WOKEN BONEY 
BONGO: SALET CORNI BONGO 
BONUS: SALET CORNI BONUS 
BOOBY: SALET CORNI DUMPY BOOBY 
BOOST: SALET CORNI BOOST 
BOOTH: SALET CORNI MOUTH TOOTH BOOTH 
BOOTY: SALET CORNI MOUTH BOOTY 
BOOZE: SALET CORNI DODGE BOOZE 
BOOZY: SALET CORNI DUMPY BOOBY BOOZY 
BORAX: SALET CORNI BORAX 
BORNE: SALET CORNI BORNE 
BOSOM: SALET CORNI BOSSY BOSOM 
BOSSY: SALET CORNI BOSSY 
BOTCH: SALET CORNI BOTCH 
BOUGH: SALET CORNI DUMPY BOUGH 
BOULE: SALET CORNI BOULE 
BOUND: SALET CORNI BOUND 
BOWEL: SALET CORNI BOWEL 
BOXER: SALET CORNI DUMPY ROVER BOXER 
BRACE: SALET CORNI BRACE 
BRAID: SALET CORNI BRIAR BRAID 
BRAIN: SALET CORNI BRAIN 
BRAKE: SALET CORNI DUMPY BRAVE BRAKE 
BRAND: SALET CORNI DRANK BRAND 
BRASH: SALET CORNI BRASS BRASH 
BRASS: SALET CORNI BRASS 
BRAVE: SALET CORNI DUMPY BRAVE 
BRAVO: SALET CORNI ARBOR BROAD BRAVO 
BRAWL: SALET CORNI BRAWL 
BRAWN: SALET CORNI BRAWN 
BREAD: SALET CORNI DUMPY BEARD BREAD 
BREAK: SALET CORNI DUMPY BRAVE BREAK 
BREED: SALET CORNI DUMPY BREED 
BRIAR: SALET CORNI BRIAR 
BRIBE: SALET CORNI DUMPY BRIBE 
BRICK: SALET CORNI BRICK 
BRIDE: SALET CORNI DUMPY BRIDE 
BRIEF: SALET CORNI DUMPY GIVER BRIEF 
BRINE: SALET CORNI BRINE 
BRING: SALET CORNI BRING 
BRINK: SALET CORNI BRING BRINK 
BRINY: SALET CORNI BRING BRINK BRINY 
BRISK: SALET CORNI BRISK 
BROAD: SALET CORNI ARBOR BROAD 
BROIL: SALET CORNI BROIL 
BROKE: SALET CORNI GROVE PROBE BROKE 
BROOD: SALET CORNI DUMPY BROOD 
BROOK: SALET CORNI DUMPY BROOK 
BROOM: SALET CORNI DUMPY BROOM 
BROTH: SALET CORNI TROOP BROTH 
BROWN: SALET CORNI BROWN 
BRUNT: SALET CORNI BRUNT 
BRUSH: SALET CORNI BRUSH 
BRUTE: SALET CORNI THERE BRUTE 
BUDDY: SALET CORNI DUMPY BUDDY 
BUDGE: SALET CORNI DUMPY BUDGE 
BUGGY: SALET CORNI DUMPY BUGGY 
BUGLE: SALET CORNI FLUME BUGLE 
BUILD: SALET CORNI DUMPY BUILD 
BUILT: SALET CORNI BUILT 
BULGE: SALET CORNI BELLE BULGE 
BULKY: SALET CORNI BULLY BULKY 
BULLY: SALET CORNI BULLY 
BUNCH: SALET CORNI BUNCH 
BUNNY: SALET CORNI BUNNY 
BURLY: SALET CORNI BURLY 
BURNT: SALET CORNI BURNT 
BURST: SALET CORNI BURST 
BUSED: SALET RISER NOSEY BUSED 
BUSHY: SALET CORNI HUSKY MUSHY BUSHY 
BUTCH: SALET CORNI BUTCH 
BUTTE: SALET CORNI JETTY BUTTE 
BUXOM: SALET CORNI GUMBO BUXOM 
BUYER: SALET CORNI DUMPY BUYER 
BYLAW: SALET ALLAY BYLAW 
CABAL: SALET CORNI CABAL 
CABBY: SALET CORNI CABBY 
CABIN: SALET CORNI CABIN 
CABLE: SALET LADLE CABLE 
CACAO: SALET CORNI CACAO 
CACHE: SALET CORNI CACHE 
CACTI: SALET CORNI CACTI 
CADDY: SALET CORNI CABBY CADDY 
CADET: SALET CADET 
CAGEY: SALET CORNI CAGEY 
CAIRN: SALET CORNI CAIRN 
CAMEL: SALET LABEL GAVEL CAMEL 
CAMEO: SALET CORNI CAMEO 
CANAL: SALET CORNI CANAL 
CANDY: SALET CORNI CANDY 
CANNY: SALET CORNI CANNY 
CANOE: SALET CORNI CANOE 
CANON: SALET CORNI CANON 
CAPER: SALET CORNI CAPER 
CAPUT: SALET CORNI CAPUT 
CARAT: SALET CORNI CARAT 
CARGO: SALET CORNI CARGO 
CAROL: SALET CORNI CAROL 
CARRY: SALET CORNI CARRY 
CARVE: SALET CORNI CARVE 
CASTE: SALET BASTE CASTE 
CATCH: SALET CORNI CATCH 
CATER: SALET EATER CATER 
CATTY: SALET CORNI CATCH CATTY 
CAULK: SALET CORNI CABAL CAULK 
CAUSE: SALET PAUSE CAUSE 
CAVIL: SALET CORNI CAVIL 
CEASE: SALET CORNI CEASE 
CEDAR: SALET CORNI CREAK CEDAR 
CELLO: SALET CORNI CELLO 
CHAFE: SALET CORNI CHAFE 
CHAFF: SALET CORNI CHAFF 
CHAIN: SALET CORNI CHAIN 
CHAIR: SALET CORNI CHAIR 
CHALK: SALET CORNI CLACK CHALK 
CHAMP: SALET CORNI CHAFF CHAMP 
CHANT: SALET CORNI CHANT 
CHAOS: SALET CORNI CHAOS 
CHARD: SALET CORNI CHARD 
CHARM: SALET CORNI CHARD CHARM 
CHART: SALET CORNI CHART 
CHASE: SALET CORNI CEASE CHASE 
CHASM: SALET CORNI CHASM 
CHEAP: SALET CORNI CHAFE CHEAP 
CHEAT: SALET CORNI CHEAT 
CHECK: SALET CORNI CHECK 
CHEEK: SALET CORNI CHEEK 
CHEER: SALET CORNI CREED CHEER 
CHESS: SALET CORNI CHESS 
CHEST: SALET CREST CHEST 
CHICK: SALET CORNI CIVIC CHICK 
CHIDE: SALET CORNI CHIDE 
CHIEF: SALET CORNI CHIEF 
CHILD: SALET CORNI CHILL CHILD 
CHILI: SALET CORNI CHILI 
CHILL: SALET CORNI CHILL 
CHIME: SALET CORNI CHIDE CHIME 
CHINA: SALET CORNI CHINA 
CHIRP: SALET CORNI CRIMP CHIRP 
CHOCK: SALET CORNI CHOCK 
CHOIR: SALET CORNI CHOIR 
CHOKE: SALET CORNI CHOKE 
CHORD: SALET CORNI CROCK CHORD 
CHORE: SALET CORNI CHORE 
CHOSE: SALET CORNI CHOSE 
CHUCK: SALET CORNI CHUCK 
CHUMP: SALET CORNI CHUCK CHUMP 
CHUNK: SALET CORNI CHUNK 
CHURN: SALET CORNI CHURN 
CHUTE: SALET CORNI CHUTE 
CIDER: SALET CORNI CRIER CIDER 
CIGAR: SALET CORNI CHAIR CIGAR 
CINCH: SALET CORNI CYNIC CINCH 
CIRCA: SALET CORNI CIRCA 
CIVIC: SALET CORNI CIVIC 
CIVIL: SALET CORNI CHILL CIVIL 
CLACK: SALET CORNI CLACK 
CLAIM: SALET CORNI CLAIM 
CLAMP: SALET CORNI CLACK CLAMP 
CLANG: SALET CORNI CLANG 
CLANK: SALET CORNI CLANG CLANK 
CLASH: SALET CLASH 
CLASP: SALET CLASH CLASS CLASP 
CLASS: SALET CLASH CLASS 
CLEAN: SALET CORNI CLEAN 
CLEAR: SALET CORNI CLEAR 
CLEAT: SALET BLEAT CLEAT 
CLEFT: SALET DWELT ELECT CLEFT 
CLERK: SALET CORNI CLERK 
CLICK: SALET CORNI CHILL CLICK 
CLIFF: SALET CORNI CHILL CLICK CLIFF 
CLIMB: SALET CORNI CHILL CLICK CLIFF CLIMB 
CLING: SALET CORNI CLING 
CLINK: SALET CORNI CLING CLINK 
CLOAK: SALET CORNI CLOAK 
CLOCK: SALET CORNI CLOCK 
CLONE: SALET CORNI CLONE 
CLOSE: SALET CLOSE 
CLOTH: SALET TROLL CLOTH 
CLOUD: SALET CORNI CLOCK CLOUD 
CLOUT: SALET CORNI CLOUT 
CLOVE: SALET CORNI CLOVE 
CLOWN: SALET CORNI CLOWN 
CLUCK: SALET CORNI CLUCK 
CLUED: SALET CORNI CLUED 
CLUMP: SALET CORNI CLUCK CLUMP 
CLUNG: SALET CORNI CLUNG 
COACH: SALET CORNI COCOA COACH 
COAST: SALET BOAST COAST 
COBRA: SALET CORNI COBRA 
COCOA: SALET CORNI COCOA 
COLON: SALET CORNI COLON 
COLOR: SALET CORNI COLOR 
COMET: SALET CORNI COMET 
COMFY: SALET CORNI COUCH COMFY 
COMIC: SALET CORNI COMIC 
COMMA: SALET CORNI COCOA COMMA 
CONCH: SALET CORNI CONCH 
CONDO: SALET CORNI CONCH CONDO 
CONIC: SALET CORNI CONIC 
COPSE: SALET CORNI COPSE 
CORAL: SALET CORNI CORAL 
CORER: SALET CORNI CORER 
CORNY: SALET CORNI CORNY 
COUCH: SALET CORNI COUCH 
COUGH: SALET CORNI COUCH COUGH 
COULD: SALET CORNI COULD 
COUNT: SALET CORNI COUNT 
COUPE: SALET CORNI COUPE 
COURT: SALET CORNI COURT 
COVEN: SALET CORNI COVEN 
COVER: SALET CORNI COVER 
COVET: SALET CORNI COMET COVET 
COVEY: SALET CORNI COVEY 
COWER: SALET CORNI COVER COWER 
COYLY: SALET CORNI COULD COYLY 
CRACK: SALET CORNI CHARD CRACK 
CRAFT: SALET CORNI CHART CRAFT 
CRAMP: SALET CORNI CHARD CRACK CRAMP 
CRANE: SALET CORNI CRANE 
CRANK: SALET CORNI CRANK 
CRASH: SALET CORNI CRASH 
CRASS: SALET CORNI CRASH CRASS 
CRATE: SALET CORNI CRATE 
CRAVE: SALET CORNI CREAK CRAVE 
CRAWL: SALET CORNI CRAWL 
CRAZE: SALET CORNI CREAK CRAVE CRAZE 
CRAZY: SALET CORNI CHARD CRACK CRAMP CRAZY 
CREAK: SALET CORNI CREAK 
CREAM: SALET CORNI CREAK CREAM 
CREDO: SALET CORNI CHORE CREDO 
CREED: SALET CORNI CREED 
CREEK: SALET CORNI CREED CREEK 
CREEP: SALET CORNI CREED CREEK CREEP 
CREME: SALET CORNI CREME 
CREPE: SALET CORNI CREME CREPE 
CREPT: SALET CORNI CREPT 
CRESS: SALET CORNI CRESS 
CREST: SALET CREST 
CRICK: SALET CORNI CRIMP CRICK 
CRIED: SALET CORNI CRIER CRIED 
CRIER: SALET CORNI CRIER 
CRIME: SALET CORNI CRIME 
CRIMP: SALET CORNI CRIMP 
CRISP: SALET CORNI CRISP 
CROAK: SALET CORNI CROAK 
CROCK: SALET CORNI CROCK 
CRONE: SALET CORNI CRONE 
CRONY: SALET CORNI CRONY 
CROOK: SALET CORNI CROCK CROOK 
CROSS: SALET CORNI CROSS 
CROUP: SALET CORNI CROCK CROWD CROUP 
CROWD: SALET CORNI CROCK CROWD 
CROWN: SALET CORNI CROWN 
CRUDE: SALET CORNI CREME CRUDE 
CRUEL: SALET CORNI CRUEL 
CRUMB: SALET CORNI CRUMB 
CRUMP: SALET CORNI CRUMB CRUMP 
CRUSH: SALET CORNI CRUSH 
CRUST: SALET CORNI CRUST 
CRYPT: SALET CORNI CRYPT 
CUBIC: SALET CORNI CIVIC CUBIC 
CUMIN: SALET CORNI CYNIC CUMIN 
CURIO: SALET CORNI CURIO 
CURLY: SALET CORNI CURLY 
CURRY: SALET CORNI CURRY 
CURSE: SALET CORNI CURSE 
CURVE: SALET CORNI CURVE 
CURVY: SALET CORNI CURRY CURVY 
CUTIE: SALET CORNI CUTIE 
CYBER: SALET CORNI CREED CYBER 
CYCLE: SALET CORNI CYCLE 
CYNIC: SALET CORNI CYNIC 
DADDY: SALET CORNI DUMPY DADDY 
DAILY: SALET CORNI DAILY 
DAIRY: SALET CORNI DAIRY 
DAISY: SALET GASSY DAISY 
DALLY: SALET RALLY DALLY 
DANCE: SALET CORNI DANCE 
DANDY: SALET CORNI MANGY DANDY 
DATUM: SALET CORNI TATTY DATUM 
DAUNT: SALET CORNI DAUNT 
DEALT: SALET BLEAT DEALT 
DEATH: SALET CORNI DEATH 
DEBAR: SALET CORNI DUMPY DREAD DEBAR 
DEBIT: SALET CORNI BEFIT DEBIT 
DEBUG: SALET CORNI DUMPY DEBUG 
DEBUT: SALET CORNI DEBUT 
DECAL: SALET CORNI DECAL 
DECAY: SALET CORNI PEACH DECAY 
DECOR: SALET CORNI DECOR 
DECOY: SALET CORNI DECOY 
DECRY: SALET CORNI DECRY 
DEFER: SALET CORNI DUMPY DEFER 
DEIGN: SALET CORNI DEIGN 
DEITY: SALET CORNI DEITY 
DELAY: SALET RELAY DELAY 
DELTA: SALET DELTA 
DELVE: SALET CORNI BELLE DELVE 
DEMON: SALET CORNI ENJOY DEMON 
DEMUR: SALET CORNI REEDY DEMUR 
DENIM: SALET CORNI DEIGN DENIM 
DENSE: SALET CORNI DENSE 
DEPOT: SALET CORNI DEPOT 
DEPTH: SALET CORNI JETTY TEETH DEPTH 
DERBY: SALET CORNI MERRY PERKY DERBY 
DETER: SALET CORNI DETER 
DETOX: SALET CORNI DETOX 
DEUCE: SALET CORNI BEECH DEUCE 
DEVIL: SALET CORNI EXILE DEVIL 
DIARY: SALET CORNI BRIAR DIARY 
DICEY: SALET CORNI BICEP DICEY 
DIGIT: SALET CORNI TIGHT DIGIT 
DILLY: SALET CORNI FILLY BILLY DILLY 
DIMLY: SALET CORNI DUMPY DIMLY 
DINER: SALET CORNI DINER 
DINGO: SALET CORNI ONION BINGO DINGO 
DINGY: SALET CORNI KINKY DINGY 
DIODE: SALET CORNI DIODE 
DIRGE: SALET CORNI DIRGE 
DIRTY: SALET CORNI BIRTH DIRTY 
DISCO: SALET CORNI DISCO 
DITCH: SALET CORNI DITCH 
DITTO: SALET CORNI DITTO 
DITTY: SALET CORNI WITTY BITTY DITTY 
DIVER: SALET CORNI DUMPY DRIER DIVER 
DIZZY: SALET CORNI WIMPY BIDDY DIZZY 
DODGE: SALET CORNI DODGE 
DODGY: SALET CORNI DUMPY DODGY 
DOGMA: SALET CORNI DOGMA 
DOING: SALET CORNI DOING 
DOLLY: SALET CORNI DOLLY 
DONOR: SALET CORNI DONOR 
DONUT: SALET CORNI DONUT 
DOPEY: SALET CORNI DOPEY 
DOUBT: SALET CORNI DOUBT 
DOUGH: SALET CORNI DUMPY DOUGH 
DOWDY: SALET CORNI DUMPY DODGY DOWDY 
DOWEL: SALET CORNI BOWEL DOWEL 
DOWNY: SALET CORNI BOUND DOWNY 
DOWRY: SALET CORNI ROWDY DOWRY 
DOZEN: SALET CORNI WOKEN DOZEN 
DRAFT: SALET CORNI DRAFT 
DRAIN: SALET CORNI BRAIN DRAIN 
DRAKE: SALET CORNI DUMPY DREAD DRAKE 
DRAMA: SALET CORNI DUMPY DRAMA 
DRANK: SALET CORNI DRANK 
DRAPE: SALET CORNI DUMPY DRAPE 
DRAWL: SALET CORNI BRAWL DRAWL 
DRAWN: SALET CORNI BRAWN DRAWN 
DREAD: SALET CORNI DUMPY DREAD 
DREAM: SALET CORNI DUMPY DREAM 
DRESS: SALET CORNI DRESS 
DRIED: SALET CORNI DUMPY DRIER DRIED 
DRIER: SALET CORNI DUMPY DRIER 
DRIFT: SALET CORNI DRIFT 
DRILL: SALET CORNI DRILL 
DRINK: SALET CORNI BRING DRINK 
DRIVE: SALET CORNI DUMPY DRIVE 
DROIT: SALET CORNI DROIT 
DROLL: SALET CORNI DROOL DROLL 
DRONE: SALET CORNI DRONE 
DROOL: SALET CORNI DROOL 
DROOP: SALET CORNI DUMPY DROOP 
DROSS: SALET CORNI DROSS 
DROVE: SALET CORNI GROVE PROVE DROVE 
DROWN: SALET CORNI BROWN DROWN 
DRUID: SALET CORNI GRIMY DRUID 
DRUNK: SALET CORNI DRUNK 
DRYER: SALET CORNI DUMPY DRYER 
DRYLY: SALET CORNI DRYLY 
DUCHY: SALET CORNI DUCHY 
DULLY: SALET CORNI BULLY DULLY 
DUMMY: SALET CORNI DUMPY DUMMY 
DUMPY: SALET CORNI DUMPY 
DUNCE: SALET CORNI FENCE DUNCE 
DUSKY: SALET CORNI HUSKY MUSKY DUSKY 
DUSTY: SALET GUSTY DUSTY 
DUTCH: SALET CORNI BUTCH DUTCH 
DUVET: SALET CORNI BEGET DUVET 
DWARF: SALET CORNI DUMPY DWARF 
DWELL: SALET CORNI FLUME DWELL 
DWELT: SALET DWELT 
DYING: SALET CORNI DYING 
EAGER: SALET CORNI GAYER WAGER EAGER 
EAGLE: SALET LADLE CABLE EAGLE 
EARLY: SALET LADLE EARLY 
EARTH: SALET HAUTE EARTH 
EASEL: SALET EASEL 
EATEN: SALET EATER EATEN 
EATER: SALET EATER 
EBONY: SALET CORNI OZONE EBONY 
ECLAT: SALET ECLAT 
EDICT: SALET CORNI EDICT 
EDIFY: SALET CORNI PIQUE EDIFY 
EERIE: SALET CORNI DIRGE EERIE 
EGRET: SALET CORNI BERET EGRET 
EIGHT: SALET CORNI BEFIT EIGHT 
EJECT: SALET CORNI EJECT 
EKING: SALET CORNI EKING 
ELATE: SALET PETAL ELATE 
ELBOW: SALET CORNI ELOPE ELBOW 
ELDER: SALET CORNI LEPER BLUER ELDER 
ELECT: SALET DWELT ELECT 
ELEGY: SALET CORNI FLUME ELEGY 
ELFIN: SALET CORNI ELFIN 
ELIDE: SALET CORNI EXILE ELIDE 
ELITE: SALET ELITE 
ELOPE: SALET CORNI ELOPE 
ELUDE: SALET CORNI FLUME ELUDE 
EMAIL: SALET CORNI ALIKE EMAIL 
EMBED: SALET CORNI EMBED 
EMBER: SALET CORNI DUMPY EMBER 
EMCEE: SALET CORNI EMCEE 
EMPTY: SALET CORNI JETTY EMPTY 
ENACT: SALET CORNI ENACT 
ENDOW: SALET CORNI ENJOY ENDOW 
ENEMA: SALET CORNI KNEAD ENEMA 
ENEMY: SALET CORNI UNDUE ENEMY 
ENJOY: SALET CORNI ENJOY 
ENNUI: SALET CORNI ENNUI 
ENSUE: SALET CORNI DENSE ENSUE 
ENTER: SALET CORNI ENTER 
ENTRY: SALET CORNI ENTRY 
ENVOY: SALET CORNI ENJOY ENVOY 
EPOCH: SALET CORNI DECOY EPOCH 
EPOXY: SALET CORNI EPOXY 
EQUAL: SALET CORNI DUMPY EQUAL 
EQUIP: SALET CORNI PIQUE EQUIP 
ERASE: SALET CORNI ERASE 
ERECT: SALET CORNI ERECT 
ERODE: SALET CORNI GROVE PROBE ERODE 
ERROR: SALET CORNI ERROR 
ERUPT: SALET CORNI ERUPT 
ESSAY: SALET CORNI ABASE ESSAY 
ESTER: SALET ESTER 
ETHER: SALET CORNI DETER TRUER ETHER 
ETHIC: SALET CORNI ETHIC 
ETHOS: SALET TENSE ETHOS 
ETUDE: SALET CORNI JETTY THEME ETUDE 
EVADE: SALET CORNI DUMPY ADAGE EVADE 
EVENT: SALET CORNI EVENT 
EVERY: SALET CORNI REEDY EVERY 
EVICT: SALET CORNI EDICT EVICT 
EVOKE: SALET CORNI EPOXY EVOKE 
EXACT: SALET CORNI EXACT 
EXALT: SALET BLEAT DEALT EXALT 
EXCEL: SALET CORNI EXCEL 
EXERT: SALET CORNI ERUPT EXERT 
EXILE: SALET CORNI EXILE 
EXIST: SALET CREST EXIST 
EXPEL: SALET CORNI BEVEL WHEEL EXPEL 
EXTOL: SALET ELITE EXTOL 
EXTRA: SALET CORNI TRADE EXTRA 
EXULT: SALET DWELT EXULT 
EYING: SALET CORNI EKING EYING 
FABLE: SALET LADLE CABLE FABLE 
FACET: SALET CADET FACET 
FAINT: SALET CORNI FAINT 
FAIRY: SALET CORNI DAIRY FAIRY 
FAITH: SALET CORNI FAITH 
FALSE: SALET FALSE 
FANCY: SALET CORNI FANCY 
FANNY: SALET CORNI FANNY 
FARCE: SALET CORNI FARCE 
FATAL: SALET FATAL 
FATTY: SALET CORNI TATTY BATTY FATTY 
FAULT: SALET FAULT 
FAUNA: SALET CORNI FANNY FAUNA 
FAVOR: SALET CORNI MAJOR FAVOR 
FEAST: SALET BEAST FEAST 
FECAL: SALET CORNI DECAL FECAL 
FEIGN: SALET CORNI DEIGN FEIGN 
FELLA: SALET RELAY FELLA 
FELON: SALET CORNI FELON 
FEMME: SALET CORNI DUMPY FEMME 
FEMUR: SALET CORNI REEDY FEMUR 
FENCE: SALET CORNI FENCE 
FERAL: SALET CORNI FERAL 
FERRY: SALET CORNI MERRY BERRY FERRY 
FETAL: SALET PETAL FETAL 
FETCH: SALET CORNI FETCH 
FETID: SALET CORNI DEITY FETID 
FETUS: SALET TENSE ZESTY FETUS 
FEVER: SALET CORNI DUMPY FEVER 
FEWER: SALET CORNI DUMPY FEVER FEWER 
FIBER: SALET CORNI DUMPY GIVER FIBER 
FIBRE: SALET CORNI DUMPY BRIBE FIBRE 
FICUS: SALET CORNI FICUS 
FIELD: SALET CORNI EXILE WIELD FIELD 
FIEND: SALET CORNI EKING FIEND 
FIERY: SALET CORNI DUMPY FIERY 
FIFTH: SALET CORNI WITTY FIFTH 
FIFTY: SALET CORNI WITTY FIFTY 
FIGHT: SALET CORNI TIGHT FIGHT 
FILER: SALET FILER 
FILET: SALET FILET 
FILLY: SALET CORNI FILLY 
FILMY: SALET CORNI FILLY FILMY 
FILTH: SALET FILTH 
FINAL: SALET CORNI ALIGN FINAL 
FINCH: SALET CORNI FINCH 
FINER: SALET CORNI DINER FINER 
FIRST: SALET CORNI FIRST 
FISHY: SALET CORNI MISSY WISPY FISHY 
FIXER: SALET CORNI DUMPY GIVER FIBER FIXER 
FIZZY: SALET CORNI WIMPY BIDDY FIZZY 
FJORD: SALET CORNI DUMPY BROOD FJORD 
FLACK: SALET CORNI BLACK FLACK 
FLAIL: SALET CORNI AVAIL FLAIL 
FLAIR: SALET CORNI FRAIL FLAIR 
FLAKE: SALET CORNI DUMPY BLAZE FLAKE 
FLAKY: SALET CORNI ALPHA FLAKY 
FLAME: SALET CORNI DUMPY BLAME FLAME 
FLANK: SALET CORNI BLANK FLANK 
FLARE: SALET CORNI BLARE FLARE 
FLASH: SALET CLASH FLASH 
FLASK: SALET CLASH FLASK 
FLECK: SALET CORNI FLECK 
FLEET: SALET FLEET 
FLESH: SALET CLOSE BLESS FLESH 
FLICK: SALET CORNI FLICK 
FLIER: SALET CORNI FLIER 
FLING: SALET CORNI BLIND FLING 
FLINT: SALET CORNI FLINT 
FLIRT: SALET CORNI FLIRT 
FLOAT: SALET BLOAT FLOAT 
FLOCK: SALET CORNI BLOCK FLOCK 
FLOOD: SALET CORNI BLOOD FLOOD 
FLOOR: SALET CORNI DROOL FLOOR 
FLORA: SALET CORNI FLORA 
FLOSS: SALET BLUSH FLOSS 
FLOUR: SALET CORNI DROOL FLOUR 
FLOUT: SALET CORNI FLOUT 
FLOWN: SALET CORNI BLOWN FLOWN 
FLUFF: SALET CORNI BLUFF FLUFF 
FLUID: SALET CORNI DUMPY FLUID 
FLUKE: SALET CORNI FLUME FLUKE 
FLUME: SALET CORNI FLUME 
FLUNG: SALET CORNI FLUNK FLUNG 
FLUNK: SALET CORNI FLUNK 
FLUSH: SALET BLUSH FLUSH 
FLUTE: SALET ELITE FLUTE 
FLYER: SALET CORNI LEPER BLUER ELDER FLYER 
FOAMY: SALET CORNI DOGMA FOAMY 
FOCAL: SALET CORNI FOCAL 
FOCUS: SALET CORNI FOCUS 
FOGGY: SALET CORNI DUMPY BOOBY FOGGY 
FOIST: SALET CORNI FOIST 
FOLIO: SALET CORNI FOLIO 
FOLLY: SALET CORNI DOLLY FOLLY 
FORAY: SALET CORNI BORAX FORAY 
FORCE: SALET CORNI FORCE 
FORGE: SALET CORNI FORGE 
FORGO: SALET CORNI WORDY FORGO 
FORTE: SALET CORNI FORTE 
FORTH: SALET CORNI FORTH 
FORTY: SALET CORNI FORTH FORTY 
FORUM: SALET CORNI WORDY FORGO FORUM 
FOUND: SALET CORNI BOUND FOUND 
FOYER: SALET CORNI DUMPY FOYER 
FRAIL: SALET CORNI FRAIL 
FRAME: SALET CORNI DUMPY FRAME 
FRANK: SALET CORNI DRANK FRANK 
FRAUD: SALET CORNI DUMPY FRAUD 
FREAK: SALET CORNI DUMPY BRAVE FREAK 
FREED: SALET CORNI DUMPY BREED FREED 
FREER: SALET CORNI DUMPY FEVER FREER 
FRESH: SALET CORNI DRESS FRESH 
FRIAR: SALET CORNI BRIAR FRIAR 
FRIED: SALET CORNI DUMPY RIDER FRIED 
FRILL: SALET CORNI DRILL FRILL 
FRISK: SALET CORNI BRISK FRISK 
FRITZ: SALET CORNI FRITZ 
FROCK: SALET CORNI FROCK 
FROND: SALET CORNI PRONG FROND 
FRONT: SALET CORNI FRONT 
FROST: SALET CORNI FROST 
FROTH: SALET CORNI TROOP BROTH FROTH 
FROWN: SALET CORNI BROWN DROWN FROWN 
FROZE: SALET CORNI GROVE PROBE ERODE FROZE 
FRUIT: SALET CORNI DRIFT FRUIT 
FUDGE: SALET CORNI DUMPY BUDGE FUDGE 
FUGUE: SALET CORNI DUMPY FUGUE 
FULLY: SALET CORNI BULLY DULLY FULLY 
FUNGI: SALET CORNI FUNGI 
FUNKY: SALET CORNI FUNKY 
FUNNY: SALET CORNI BUNNY FUNNY 
FUROR: SALET CORNI FUROR 
FURRY: SALET CORNI FURRY 
FUSSY: SALET CORNI HUSKY FUSSY 
FUZZY: SALET CORNI DUMPY BUGGY FUZZY 
GAFFE: SALET CORNI GAUGE GAFFE 
GAILY: SALET CORNI DAILY GAILY 
GAMER: SALET CORNI GAYER GAMER 
GAMMA: SALET CORNI DUMPY GAMMA 
GAMUT: SALET CORNI GAMUT 
GASSY: SALET GASSY 
GAUDY: SALET CORNI DUMPY GAUDY 
GAUGE: SALET CORNI GAUGE 
GAUNT: SALET CORNI DAUNT GAUNT 
GAUZE: SALET CORNI GAUGE GAUZE 
GAVEL: SALET LABEL GAVEL 
GAWKY: SALET CORNI DUMPY BAGGY GAWKY 
GAYER: SALET CORNI GAYER 
GAYLY: SALET CORNI BADLY GAYLY 
GAZER: SALET CORNI GAYER GAMER GAZER 
GECKO: SALET CORNI DECOY GECKO 
GEEKY: SALET CORNI DUMPY BEEFY GEEKY 
GEESE: SALET CORNI GEESE 
GENIE: SALET CORNI DEIGN GENIE 
GENRE: SALET CORNI GENRE 
GHOST: SALET CORNI GHOST 
GHOUL: SALET CORNI BLOOD GHOUL 
GIANT: SALET CORNI GIANT 
GIDDY: SALET CORNI WIMPY BIDDY GIDDY 
GIPSY: SALET CORNI MISSY GIPSY 
GIRLY: SALET CORNI GIRLY 
GIRTH: SALET CORNI BIRTH GIRTH 
GIVEN: SALET CORNI WIDEN GIVEN 
GIVER: SALET CORNI DUMPY GIVER 
GLADE: SALET CORNI DUMPY BLADE GLADE 
GLAND: SALET CORNI BLANK GLAND 
GLARE: SALET CORNI BLARE FLARE GLARE 
GLASS: SALET CLASH FLASK GLASS 
GLAZE: SALET CORNI DUMPY BLAZE GLAZE 
GLEAM: SALET CORNI DUMPY BLAME GLEAM 
GLEAN: SALET CORNI ANGLE GLEAN 
GLIDE: SALET CORNI EXILE GLIDE 
GLINT: SALET CORNI FLINT GLINT 
GLOAT: SALET BLOAT FLOAT GLOAT 
GLOBE: SALET CORNI ELOPE GLOBE 
GLOOM: SALET CORNI BLOOD GLOOM 
GLORY: SALET CORNI DROOL FLOUR GLORY 
GLOSS: SALET BLUSH FLOSS GLOSS 
GLOVE: SALET CORNI ELOPE GLOBE GLOVE 
GLYPH: SALET CORNI BLUFF GLYPH 
GNASH: SALET CORNI GNASH 
GNOME: SALET CORNI ENJOY GNOME 
GODLY: SALET CORNI LOWLY GODLY 
GOING: SALET CORNI DOING GOING 
GOLEM: SALET FILER GOLEM 
GOLLY: SALET CORNI DOLLY FOLLY GOLLY 
GONAD: SALET CORNI NOMAD GONAD 
GONER: SALET CORNI GONER 
GOODY: SALET CORNI DUMPY GOODY 
GOOEY: SALET CORNI DOPEY GOOEY 
GOOFY: SALET CORNI DUMPY BOOBY WOOZY GOOFY 
GOOSE: SALET CORNI MOOSE GOOSE 
GORGE: SALET CORNI FORGE GORGE 
GOUGE: SALET CORNI DODGE GOUGE 
GOURD: SALET CORNI ROWDY GOURD 
GRACE: SALET CORNI BRACE GRACE 
GRADE: SALET CORNI DUMPY BEARD GRADE 
GRAFT: SALET CORNI DRAFT GRAFT 
GRAIL: SALET CORNI FRAIL GRAIL 
GRAIN: SALET CORNI BRAIN DRAIN GRAIN 
GRAND: SALET CORNI DRANK BRAND GRAND 
GRANT: SALET CORNI GRANT 
GRAPE: SALET CORNI DUMPY GRAPE 
GRAPH: SALET CORNI DUMPY GRAPH 
GRASP: SALET CORNI BRASS GRASP 
GRASS: SALET CORNI BRASS GRASS 
GRATE: SALET CORNI TRADE GRATE 
GRAVE: SALET CORNI DUMPY BRAVE GRAVE 
GRAVY: SALET CORNI DUMPY GRAVY 
GRAZE: SALET CORNI DUMPY BRAVE GRAZE 
GREAT: SALET CORNI GREAT 
GREED: SALET CORNI DUMPY BREED FREED GREED 
GREEN: SALET CORNI NEVER GREEN 
GREET: SALET CORNI GREET 
GRIEF: SALET CORNI DUMPY GIVER GRIEF 
GRILL: SALET CORNI DRILL FRILL GRILL 
GRIME: SALET CORNI DUMPY GRIME 
GRIMY: SALET CORNI GRIMY 
GRIND: SALET CORNI BRING GRIND 
GRIPE: SALET CORNI DUMPY GRIPE 
GROAN: SALET CORNI GROAN 
GROIN: SALET CORNI GROIN 
GROOM: SALET CORNI DUMPY BROOM GROOM 
GROPE: SALET CORNI GROVE GROPE 
GROSS: SALET CORNI DROSS GROSS 
GROUP: SALET CORNI DUMPY GROUP 
GROUT: SALET CORNI GROUT 
GROVE: SALET CORNI GROVE 
GROWL: SALET CORNI DROOL GROWL 
GROWN: SALET CORNI BROWN DROWN FROWN GROWN 
GRUEL: SALET CORNI LEPER GRUEL 
GRUFF: SALET CORNI RUDDY GRUFF 
GRUNT: SALET CORNI BRUNT GRUNT 
GUARD: SALET CORNI DUMPY GUARD 
GUAVA: SALET CORNI GUAVA 
GUESS: SALET CORNI GEESE GUESS 
GUEST: SALET CREST GUEST 
GUIDE: SALET CORNI PIQUE GUIDE 
GUILD: SALET CORNI DUMPY BUILD GUILD 
GUILE: SALET CORNI EXILE GUILE 
GUILT: SALET CORNI BUILT GUILT 
GUISE: SALET CORNI GUISE 
GULCH: SALET CORNI GULCH 
GULLY: SALET CORNI BULLY DULLY FULLY GULLY 
GUMBO: SALET CORNI GUMBO 
GUMMY: SALET CORNI DUMPY GUMMY 
GUPPY: SALET CORNI DUMPY GUPPY 
GUSTO: SALET GUSTY GUSTO 
GUSTY: SALET GUSTY 
GYPSY: SALET CORNI HUSKY GYPSY 
HABIT: SALET CORNI HABIT 
HAIRY: SALET CORNI DAIRY FAIRY HAIRY 
HALVE: SALET VALVE HALVE 
HANDY: SALET CORNI MANGY DANDY HANDY 
HAPPY: SALET CORNI DUMPY HAPPY 
HARDY: SALET CORNI HARRY HARDY 
HAREM: SALET CORNI PARER HAREM 
HARPY: SALET CORNI HARRY HARDY HARPY 
HARRY: SALET CORNI HARRY 
HARSH: SALET GASSY MARSH HARSH 
HASTE: SALET BASTE CASTE HASTE 
HASTY: SALET PASTY HASTY 
HATCH: SALET CORNI BATCH HATCH 
HATER: SALET EATER CATER HATER 
HAUNT: SALET CORNI DAUNT GAUNT HAUNT 
HAUTE: SALET HAUTE 
HAVEN: SALET CORNI HAVEN 
HAVOC: SALET CORNI HAVOC 
HAZEL: SALET LABEL GAVEL CAMEL HAZEL 
HEADY: SALET CORNI DUMPY BEADY HEADY 
HEARD: SALET CORNI DUMPY BEARD HEARD 
HEART: SALET CORNI GREAT HEART 
HEATH: SALET CORNI DEATH HEATH 
HEAVE: SALET CORNI DUMPY HEAVE 
HEAVY: SALET CORNI DUMPY HEAVY 
HEDGE: SALET CORNI DUMPY HEDGE 
HEFTY: SALET CORNI JETTY HEFTY 
HEIST: SALET CREST EXIST HEIST 
HELIX: SALET CORNI BELIE HELIX 
HELLO: SALET CORNI BELOW HELLO 
HENCE: SALET CORNI FENCE HENCE 
HERON: SALET CORNI HERON 
HILLY: SALET CORNI FILLY BILLY DILLY HILLY 
HINGE: SALET CORNI DEIGN BINGE HINGE 
HIPPO: SALET CORNI IDIOM HIPPO 
HIPPY: SALET CORNI WIMPY HIPPY 
HITCH: SALET CORNI DITCH HITCH 
HOARD: SALET CORNI BOARD HOARD 
HOBBY: SALET CORNI DUMPY BOOBY HOBBY 
HOIST: SALET CORNI FOIST HOIST 
HOLLY: SALET CORNI DOLLY FOLLY GOLLY HOLLY 
HOMER: SALET CORNI DUMPY HOMER 
HONEY: SALET CORNI WOKEN BONEY HONEY 
HONOR: SALET CORNI DONOR HONOR 
HORDE: SALET CORNI FORGE HORDE 
HORNY: SALET CORNI HORNY 
HORSE: SALET CORNI HORSE 
HOTEL: SALET HOTEL 
HOTLY: SALET TROLL HOTLY 
HOUND: SALET CORNI BOUND FOUND HOUND 
HOUSE: SALET CORNI MOOSE HOUSE 
HOVEL: SALET CORNI BOWEL HOVEL 
HOVER: SALET CORNI DUMPY ROVER HOVER 
HOWDY: SALET CORNI DUMPY GOODY HOWDY 
HUMAN: SALET CORNI HUMAN 
HUMID: SALET CORNI WIMPY HUMID 
HUMOR: SALET CORNI DUMPY HUMOR 
HUMPH: SALET CORNI DUMPY HUMPH 
HUMUS: SALET CORNI HUSKY HUMUS 
HUNCH: SALET CORNI BUNCH HUNCH 
HUNKY: SALET CORNI FUNKY HUNKY 
HURRY: SALET CORNI FURRY HURRY 
HUSKY: SALET CORNI HUSKY 
HUSSY: SALET CORNI HUSKY HUSSY 
HUTCH: SALET CORNI BUTCH DUTCH HUTCH 
HYDRO: SALET CORNI DUMPY HYDRO 
HYENA: SALET CORNI AMEND HYENA 
HYMEN: SALET CORNI KNEED HYMEN 
HYPER: SALET CORNI DUMPY HYPER 
ICILY: SALET CORNI FLICK ICILY 
ICING: SALET CORNI ICING 
IDEAL: SALET CORNI ALIKE EMAIL IDEAL 
IDIOM: SALET CORNI IDIOM 
IDIOT: SALET CORNI BIGOT IDIOT 
IDLER: SALET FILER IDLER 
IDYLL: SALET CORNI DUMPY IDYLL 
IGLOO: SALET CORNI IGLOO 
ILIAC: SALET CORNI ILIAC 
IMAGE: SALET CORNI ABIDE IMAGE 
IMBUE: SALET CORNI PIQUE IMBUE 
IMPEL: SALET CORNI PIXEL IMPEL 
IMPLY: SALET CORNI DUMPY IMPLY 
INANE: SALET CORNI INANE 
INBOX: SALET CORNI ONION INBOX 
INCUR: SALET CORNI INCUR 
INDEX: SALET CORNI WIDEN INDEX 
INEPT: SALET CORNI INEPT 
INERT: SALET CORNI INERT 
INFER: SALET CORNI DINER INFER 
INGOT: SALET CORNI INGOT 
INLAY: SALET ALLAY INLAY 
INLET: SALET FILET INLET 
INNER: SALET CORNI DINER INNER 
INPUT: SALET CORNI INPUT 
INTER: SALET CORNI INTER 
INTRO: SALET CORNI INTRO 
IONIC: SALET CORNI IONIC 
IRATE: SALET CORNI IRATE 
IRONY: SALET CORNI IRONY 
ISLET: SALET ISLET 
ISSUE: SALET CORNI GUISE ISSUE 
ITCHY: SALET CORNI DITCH ITCHY 
IVORY: SALET CORNI PRIOR IVORY 
JAUNT: SALET CORNI DAUNT GAUNT HAUNT JAUNT 
JAZZY: SALET CORNI DUMPY BAGGY JAZZY 
JELLY: SALET CORNI BELLE JELLY 
JERKY: SALET CORNI MERRY PERKY JERKY 
JETTY: SALET CORNI JETTY 
JEWEL: SALET CORNI BEVEL JEWEL 
JIFFY: SALET CORNI WIMPY BIDDY FIZZY JIFFY 
JOINT: SALET CORNI JOINT 
JOIST: SALET CORNI FOIST HOIST JOIST 
JOKER: SALET CORNI DUMPY ROVER BOXER JOKER 
JOLLY: SALET CORNI DOLLY FOLLY GOLLY HOLLY JOLLY 
JOUST: SALET CORNI BOOST JOUST 
JUDGE: SALET CORNI DUMPY BUDGE FUDGE JUDGE 
JUICE: SALET CORNI JUICE 
JUICY: SALET CORNI JUICY 
JUMBO: SALET CORNI GUMBO JUMBO 
JUMPY: SALET CORNI DUMPY JUMPY 
JUNTA: SALET CORNI AUNTY JUNTA 
JUNTO: SALET CORNI JUNTO 
JUROR: SALET CORNI FUROR JUROR 
KAPPA: SALET CORNI DUMPY KAPPA 
KARMA: SALET CORNI HARRY PARKA KARMA 
KAYAK: SALET CORNI DUMPY KAYAK 
KEBAB: SALET CORNI DUMPY HEAVE KEBAB 
KHAKI: SALET CORNI KHAKI 
KINKY: SALET CORNI KINKY 
KIOSK: SALET CORNI KIOSK 
KITTY: SALET CORNI WITTY BITTY DITTY KITTY 
KNACK: SALET CORNI KNACK 
KNAVE: SALET CORNI KNEAD KNAVE 
KNEAD: SALET CORNI KNEAD 
KNEED: SALET CORNI KNEED 
KNEEL: SALET CORNI KNEEL 
KNELT: SALET DWELT KNELT 
KNIFE: SALET CORNI DEIGN KNIFE 
KNOCK: SALET CORNI KNOCK 
KNOLL: SALET CORNI BLOWN KNOLL 
KNOWN: SALET CORNI KNOWN 
KOALA: SALET CORNI LOYAL KOALA 
KRILL: SALET CORNI DRILL FRILL GRILL KRILL 
LABEL: SALET LABEL 
LABOR: SALET CORNI LABOR 
LADEN: SALET LABEL LAGER LADEN 
LADLE: SALET LADLE 
LAGER: SALET LABEL LAGER 
LANCE: SALET LADLE LARGE LANCE 
LANKY: SALET CORNI BANAL LANKY 
LAPEL: SALET LABEL LAPEL 
LAPSE: SALET LAPSE 
LARGE: SALET LADLE LARGE 
LARVA: SALET CORNI LARVA 
LASSO: SALET BASAL LASSO 
LATCH: SALET FATAL LATCH 
LATER: SALET LATER 
LATHE: SALET LATHE 
LATTE: SALET LATHE LATTE 
LAUGH: SALET CORNI BADLY LAUGH 
LAYER: SALET LABEL LAGER LAYER 
LEACH: SALET CORNI DECAL LEACH 
LEAFY: SALET CORNI DUMPY LEAFY 
LEAKY: SALET CORNI DUMPY LEAFY LEAKY 
LEANT: SALET BLEAT DEALT LEANT 
LEAPT: SALET BLEAT DEALT LEANT LEAPT 
LEARN: SALET CORNI LEARN 
LEASE: SALET LEASE 
LEASH: SALET LEASE LEASH 
LEAST: SALET LEAST 
LEAVE: SALET CORNI DUMPY BLAZE LEAVE 
LEDGE: SALET CORNI FLUME LEDGE 
LEECH: SALET CORNI FLECK LEECH 
LEERY: SALET CORNI LEERY 
LEFTY: SALET ELITE LEFTY 
LEGAL: SALET CORNI DUMPY BLAZE LEGAL 
LEGGY: SALET CORNI FLUME DWELL LEGGY 
LEMON: SALET CORNI LEMON 
LEMUR: SALET CORNI LEERY LEMUR 
LEPER: SALET CORNI LEPER 
LEVEL: SALET CORNI BEVEL LEVEL 
LEVER: SALET CORNI LEPER LEVER 
LIBEL: SALET CORNI PIXEL LIBEL 
LIEGE: SALET CORNI EXILE LIEGE 
LIGHT: SALET CORNI BUILT LIGHT 
LIKEN: SALET CORNI LIKEN 
LILAC: SALET ALLAY POLAR LILAC 
LIMBO: SALET CORNI LIMBO 
LIMIT: SALET CORNI BUILT LIGHT LIMIT 
LINEN: SALET CORNI LIKEN LINEN 
LINER: SALET CORNI LINER 
LINGO: SALET CORNI LINGO 
LIPID: SALET CORNI DUMPY LIPID 
LITHE: SALET ELITE LITHE 
LIVER: SALET CORNI FLIER LIVER 
LIVID: SALET CORNI DUMPY LIVID 
LLAMA: SALET CORNI ALPHA LLAMA 
LOAMY: SALET CORNI LOYAL LOAMY 
LOATH: SALET CORNI LOATH 
LOBBY: SALET CORNI LOWLY LOOPY LOBBY 
LOCAL: SALET CORNI FOCAL LOCAL 
LOCUS: SALET BLUSH LOCUS 
LODGE: SALET CORNI BOULE LODGE 
LOFTY: SALET TROLL LOFTY 
LOGIC: SALET CORNI LOGIC 
LOGIN: SALET CORNI LOGIN 
LOOPY: SALET CORNI LOWLY LOOPY 
LOOSE: SALET CLOSE LOOSE 
LORRY: SALET CORNI LORRY 
LOSER: SALET LOSER 
LOUSE: SALET CLOSE LOUSE 
LOUSY: SALET BLUSH LOUSY 
LOVER: SALET CORNI LOVER 
LOWER: SALET CORNI LOVER LOWER 
LOWLY: SALET CORNI LOWLY 
LOYAL: SALET CORNI LOYAL 
LUCID: SALET CORNI FLICK LUCID 
LUCKY: SALET CORNI LUCKY 
LUMEN: SALET CORNI KNEEL LUMEN 
LUMPY: SALET CORNI BLUFF LUMPY 
LUNAR: SALET CORNI LUNAR 
LUNCH: SALET CORNI LUNCH 
LUNGE: SALET CORNI LUNGE 
LUPUS: SALET BLUSH LOCUS LUPUS 
LURCH: SALET CORNI LURCH 
LURID: SALET CORNI GIRLY LURID 
LUSTY: SALET LUSTY 
LYING: SALET CORNI BLIND LYING 
LYMPH: SALET CORNI BLUFF LYMPH 
LYNCH: SALET CORNI LUNCH LYNCH 
LYRIC: SALET CORNI LYRIC 
MACAW: SALET CORNI MACAW 
MACHO: SALET CORNI HAVOC MACHO 
MACRO: SALET CORNI MACRO 
MADAM: SALET CORNI DUMPY MADAM 
MADLY: SALET CORNI BADLY MADLY 
MAFIA: SALET CORNI MAFIA 
MAGIC: SALET CORNI MAGIC 
MAGMA: SALET CORNI DUMPY MAGMA 
MAIZE: SALET CORNI MAIZE 
MAJOR: SALET CORNI MAJOR 
MAKER: SALET CORNI GAYER WAFER BAKER MAKER 
MAMBO: SALET CORNI BAYOU MAMBO 
MAMMA: SALET CORNI DUMPY GAMMA MAMMA 
MAMMY: SALET CORNI DUMPY MAMMY 
MANGA: SALET CORNI MANGY MANGA 
MANGE: SALET CORNI MANGE 
MANGO: SALET CORNI BANJO MANGO 
MANGY: SALET CORNI MANGY 
MANIA: SALET CORNI MANIA 
MANIC: SALET CORNI MANIC 
MANLY: SALET CORNI BANAL LANKY MANLY 
MANOR: SALET CORNI MANOR 
MAPLE: SALET LADLE CABLE EAGLE MAPLE 
MARCH: SALET CORNI MARCH 
MARRY: SALET CORNI HARRY PARRY MARRY 
MARSH: SALET GASSY MARSH 
MASON: SALET GASSY BASIN MASON 
MASSE: SALET PAUSE MASSE 
MATCH: SALET CORNI BATCH HATCH MATCH 
MATEY: SALET EATER MATEY 
MAUVE: SALET CORNI GAUGE MAUVE 
MAXIM: SALET CORNI MAFIA MAXIM 
MAYBE: SALET CORNI GAUGE MAYBE 
MAYOR: SALET CORNI MAJOR MAYOR 
MEALY: SALET CORNI DUMPY MEALY 
MEANT: SALET CORNI AGENT MEANT 
MEATY: SALET CORNI DEATH MEATY 
MECCA: SALET CORNI PEACH MECCA 
MEDAL: SALET CORNI DUMPY MEDAL 
MEDIA: SALET CORNI ABIDE MEDIA 
MEDIC: SALET CORNI JUICE MEDIC 
MELEE: SALET FILER GOLEM MELEE 
MELON: SALET CORNI FELON MELON 
MERCY: SALET CORNI MERCY 
MERGE: SALET CORNI MERRY MERGE 
MERIT: SALET CORNI MERIT 
MERRY: SALET CORNI MERRY 
METAL: SALET PETAL FETAL METAL 
METER: SALET CORNI DETER METER 
METRO: SALET CORNI TROPE METRO 
MICRO: SALET CORNI MICRO 
MIDGE: SALET CORNI PIQUE MIDGE 
MIDST: SALET CORNI MIDST 
MIGHT: SALET CORNI TIGHT FIGHT MIGHT 
MILKY: SALET CORNI FILLY MILKY 
MIMIC: SALET CORNI JUICY MIMIC 
MINCE: SALET CORNI MINCE 
MINER: SALET CORNI DINER FINER MINER 
MINIM: SALET CORNI KINKY MINIM 
MINOR: SALET CORNI GROIN MINOR 
MINTY: SALET CORNI MINTY 
MINUS: SALET CORNI MINUS 
MIRTH: SALET CORNI BIRTH GIRTH MIRTH 
MISER: SALET RISER MISER 
MISSY: SALET CORNI MISSY 
MOCHA: SALET CORNI MOCHA 
MODAL: SALET CORNI LOYAL MODAL 
MODEL: SALET CORNI BOWEL HOVEL MODEL 
MODEM: SALET CORNI DOPEY MODEM 
MOGUL: SALET CORNI LOWLY MOGUL 
MOIST: SALET CORNI FOIST HOIST JOIST MOIST 
MOLAR: SALET ALLAY POLAR MOLAR 
MOLDY: SALET CORNI DOLLY MOLDY 
MONEY: SALET CORNI WOKEN BONEY HONEY MONEY 
MONTH: SALET CORNI MONTH 
MOODY: SALET CORNI DUMPY MOODY 
MOOSE: SALET CORNI MOOSE 
MORAL: SALET CORNI MORAL 
MORON: SALET CORNI MORON 
MORPH: SALET CORNI WORDY FORGO MORPH 
MOSSY: SALET CORNI BOSSY MOSSY 
MOTEL: SALET HOTEL MOTEL 
MOTIF: SALET CORNI MOTIF 
MOTOR: SALET CORNI MOTOR 
MOTTO: SALET CORNI MOUTH MOTTO 
MOULT: SALET CORNI MOULT 
MOUND: SALET CORNI BOUND FOUND HOUND MOUND 
MOUNT: SALET CORNI MOUNT 
MOURN: SALET CORNI DONOR MOURN 
MOUSE: SALET CORNI MOOSE MOUSE 
MOUTH: SALET CORNI MOUTH 
MOVER: SALET CORNI DUMPY MOVER 
MOVIE: SALET CORNI MOVIE 
MOWER: SALET CORNI DUMPY MOVER MOWER 
MUCKY: SALET CORNI DUCHY MUCKY 
MUCUS: SALET CORNI MUCUS 
MUDDY: SALET CORNI DUMPY MUDDY 
MULCH: SALET CORNI GULCH MULCH 
MUMMY: SALET CORNI DUMPY GUMMY MUMMY 
MUNCH: SALET CORNI BUNCH HUNCH MUNCH 
MURAL: SALET CORNI MURAL 
MURKY: SALET CORNI FURRY MURKY 
MUSHY: SALET CORNI HUSKY MUSHY 
MUSIC: SALET CORNI FICUS MUSIC 
MUSKY: SALET CORNI HUSKY MUSKY 
MUSTY: SALET GUSTY DUSTY MUSTY 
MYRRH: SALET CORNI FURRY MYRRH 
NADIR: SALET CORNI NADIR 
NAIVE: SALET CORNI NAIVE 
NANNY: SALET CORNI FANNY NANNY 
NASAL: SALET BASAL NASAL 
NASTY: SALET PASTY HASTY NASTY 
NATAL: SALET FATAL NATAL 
NAVAL: SALET CORNI BANAL NAVAL 
NAVEL: SALET LABEL GAVEL NAVEL 
NEEDY: SALET CORNI UNDUE NEEDY 
NEIGH: SALET CORNI DEIGN NEIGH 
NERDY: SALET CORNI NERDY 
NERVE: SALET CORNI NERDY NERVE 
NEVER: SALET CORNI NEVER 
NEWER: SALET CORNI NEVER NEWER 
NEWLY: SALET CORNI LUNGE NEWLY 
NICER: SALET CORNI NICER 
NICHE: SALET CORNI MINCE NICHE 
NIECE: SALET CORNI MINCE NIECE 
NIGHT: SALET CORNI INPUT NIGHT 
NINJA: SALET CORNI ADMIN NINJA 
NINNY: SALET CORNI DYING NINNY 
NINTH: SALET CORNI MINTY NINTH 
NOBLE: SALET CORNI NOBLE 
NOBLY: SALET CORNI NOBLY 
NOISE: SALET CORNI NOISE 
NOISY: SALET CORNI NOISY 
NOMAD: SALET CORNI NOMAD 
NOOSE: SALET CORNI NOOSE 
NORTH: SALET CORNI NORTH 
NOSEY: SALET RISER NOSEY 
NOTCH: SALET CORNI NOTCH 
NOVEL: SALET CORNI NOVEL 
NUDGE: SALET CORNI UNDUE NUDGE 
NURSE: SALET CORNI NURSE 
NUTTY: SALET CORNI NUTTY 
NYLON: SALET CORNI NYLON 
NYMPH: SALET CORNI FUNKY NYMPH 
OAKEN: SALET CORNI OAKEN 
OBESE: SALET CORNI OBESE 
OCCUR: SALET CORNI FROCK OCCUR 
OCEAN: SALET CORNI OCEAN 
OCTAL: SALET CORNI OCTAL 
OCTET: SALET CORNI OCTET 
ODDER: SALET CORNI ODDER 
ODDLY: SALET CORNI BLOOD ODDLY 
OFFAL: SALET CORNI AFOUL OFFAL 
OFFER: SALET CORNI ODDER OFFER 
OFTEN: SALET CORNI OFTEN 
OLDEN: SALET CORNI OLDEN 
OLDER: SALET CORNI OLDER 
OLIVE: SALET CORNI OLIVE 
OMBRE: SALET CORNI GROVE OMBRE 
OMEGA: SALET CORNI ABODE OMEGA 
ONION: SALET CORNI ONION 
ONSET: SALET UNSET ONSET 
OPERA: SALET CORNI ADORE OPERA 
OPINE: SALET CORNI OPINE 
OPIUM: SALET CORNI IDIOM OPIUM 
OPTIC: SALET CORNI OPTIC 
ORBIT: SALET CORNI DROIT ORBIT 
ORDER: SALET CORNI ODDER ORDER 
ORGAN: SALET CORNI GROAN ORGAN 
OTHER: SALET CORNI OTTER OTHER 
OTTER: SALET CORNI OTTER 
OUGHT: SALET CORNI OUGHT 
OUNCE: SALET CORNI OUNCE 
OUTDO: SALET CORNI OUTDO 
OUTER: SALET CORNI OTTER OUTER 
OUTGO: SALET CORNI OUTDO OUTGO 
OVARY: SALET CORNI ARBOR OVARY 
OVATE: SALET CORNI OVATE 
OVERT: SALET CORNI OVERT 
OVINE: SALET CORNI OPINE OVINE 
OVOID: SALET CORNI IDIOM OVOID 
OWING: SALET CORNI OWING 
OWNER: SALET CORNI OWNER 
OXIDE: SALET CORNI DIODE OXIDE 
OZONE: SALET CORNI OZONE 
PADDY: SALET CORNI DUMPY PADDY 
PAGAN: SALET CORNI MANGY PAGAN 
PAINT: SALET CORNI FAINT PAINT 
PALER: SALET BALER PALER 
PALSY: SALET PALSY 
PANEL: SALET LABEL GAVEL CAMEL HAZEL PANEL 
PANIC: SALET CORNI MANIC PANIC 
PANSY: SALET GASSY DAISY PANSY 
PAPAL: SALET CORNI BADLY LAUGH PAPAL 
PAPER: SALET CORNI GAYER WAFER BAKER PAPER 
PARER: SALET CORNI PARER 
PARKA: SALET CORNI HARRY PARKA 
PARRY: SALET CORNI HARRY PARRY 
PARSE: SALET PAUSE PARSE 
PARTY: SALET CORNI PARTY 
PASTA: SALET PASTY PASTA 
PASTE: SALET BASTE CASTE HASTE PASTE 
PASTY: SALET PASTY 
PATCH: SALET CORNI BATCH HATCH MATCH PATCH 
PATIO: SALET CORNI PATIO 
PATSY: SALET PASTY PATSY 
PATTY: SALET CORNI TATTY BATTY FATTY PATTY 
PAUSE: SALET PAUSE 
PAYEE: SALET CORNI PAYEE 
PAYER: SALET CORNI GAYER PAYER 
PEACE: SALET CORNI PEACH PEACE 
PEACH: SALET CORNI PEACH 
PEARL: SALET CORNI BLARE PEARL 
PECAN: SALET CORNI PECAN 
PEDAL: SALET CORNI DUMPY PEDAL 
PENAL: SALET CORNI ANGLE PENAL 
PENCE: SALET CORNI FENCE HENCE PENCE 
PENNE: SALET CORNI PENNE 
PENNY: SALET CORNI PENNE PENNY 
PERCH: SALET CORNI MERCY PERCH 
PERIL: SALET CORNI PERIL 
PERKY: SALET CORNI MERRY PERKY 
PESKY: SALET CORNI GEESE PESKY 
PESTO: SALET TENSE ZESTY PESTO 
PETAL: SALET PETAL 
PETTY: SALET CORNI JETTY PETTY 
PHASE: SALET CORNI ABASE PHASE 
PHONE: SALET CORNI OZONE PHONE 
PHONY: SALET CORNI PHONY 
PHOTO: SALET CORNI OUTDO PHOTO 
PIANO: SALET CORNI PIANO 
PICKY: SALET CORNI JUICY PICKY 
PIECE: SALET CORNI JUICE PIECE 
PIETY: SALET CORNI DEITY PIETY 
PIGGY: SALET CORNI WIMPY PIGGY 
PILOT: SALET PILOT 
PINCH: SALET CORNI FINCH PINCH 
PINEY: SALET CORNI WIDEN PINEY 
PINKY: SALET CORNI KINKY PINKY 
PINTO: SALET CORNI PINTO 
PIPER: SALET CORNI DUMPY PIPER 
PIQUE: SALET CORNI PIQUE 
PITCH: SALET CORNI DITCH HITCH PITCH 
PITHY: SALET CORNI WITTY PITHY 
PIVOT: SALET CORNI BIGOT PIVOT 
PIXEL: SALET CORNI PIXEL 
PIXIE: SALET CORNI PIQUE PIXIE 
PIZZA: SALET CORNI AFFIX PIZZA 
PLACE: SALET CORNI DECAL PLACE 
PLAID: SALET CORNI AVAIL PLAID 
PLAIN: SALET CORNI ALIGN PLAIN 
PLAIT: SALET BLOAT PLAIT 
PLANE: SALET CORNI PLANE 
PLANK: SALET CORNI BLANK FLANK PLANK 
PLANT: SALET BLOAT PLAIT PLANT 
PLATE: SALET PETAL PLATE 
PLAZA: SALET CORNI ALPHA PLAZA 
PLEAD: SALET CORNI DUMPY PEDAL PLEAD 
PLEAT: SALET BLEAT CLEAT PLEAT 
PLIED: SALET CORNI PIXEL PLIED 
PLIER: SALET CORNI FLIER PLIER 
PLUCK: SALET CORNI LUCKY PLUCK 
PLUMB: SALET CORNI BLUFF PLUMB 
PLUME: SALET CORNI FLUME PLUME 
PLUMP: SALET CORNI BLUFF PLUMP 
PLUNK: SALET CORNI FLUNK PLUNK 
PLUSH: SALET BLUSH FLUSH PLUSH 
POESY: SALET CORNI MOOSE POESY 
POINT: SALET CORNI JOINT POINT 
POISE: SALET CORNI POISE 
POKER: SALET CORNI DUMPY POKER 
POLAR: SALET ALLAY POLAR 
POLKA: SALET ALLAY POLKA 
POLYP: SALET CORNI DOLLY POLYP 
POOCH: SALET CORNI POUCH POOCH 
POPPY: SALET CORNI DUMPY POPPY 
PORCH: SALET CORNI PORCH 
POSER: SALET RISER POSER 
POSIT: SALET CORNI FOIST POSIT 
POSSE: SALET CORNI MOOSE HOUSE POSSE 
POUCH: SALET CORNI POUCH 
POUND: SALET CORNI BOUND FOUND HOUND MOUND POUND 
POUTY: SALET CORNI MOUTH POUTY 
POWER: SALET CORNI DUMPY POKER POWER 
PRANK: SALET CORNI DRANK FRANK PRANK 
PRAWN: SALET CORNI BRAWN DRAWN PRAWN 
PREEN: SALET CORNI NEVER GREEN PREEN 
PRESS: SALET CORNI DRESS PRESS 
PRICE: SALET CORNI PRICE 
PRICK: SALET CORNI BRICK PRICK 
PRIDE: SALET CORNI DUMPY PRIDE 
PRIED: SALET CORNI DUMPY PRIED 
PRIME: SALET CORNI DUMPY PRIME 
PRIMO: SALET CORNI PRIOR PRIMO 
PRINT: SALET CORNI PRINT 
PRIOR: SALET CORNI PRIOR 
PRISM: SALET CORNI BRISK PRISM 
PRIVY: SALET CORNI GRIMY PRIVY 
PRIZE: SALET CORNI DUMPY PRIZE 
PROBE: SALET CORNI GROVE PROBE 
PRONE: SALET CORNI DRONE PRONE 
PRONG: SALET CORNI PRONG 
PROOF: SALET CORNI DUMPY PROOF 
PROSE: SALET CORNI PROSE 
PROUD: SALET CORNI DUMPY PROUD 
PROVE: SALET CORNI GROVE PROVE 
PROWL: SALET CORNI DROOL GROWL PROWL 
PROXY: SALET CORNI DUMPY PROXY 
PRUDE: SALET CORNI REEDY PRUDE 
PRUNE: SALET CORNI PRUNE 
PSALM: SALET CLASH PSALM 
PUBIC: SALET CORNI JUICY PUBIC 
PUDGY: SALET CORNI DUMPY PUDGY 
PUFFY: SALET CORNI DUMPY PUFFY 
PULPY: SALET CORNI BULLY PULPY 
PULSE: SALET PULSE 
PUNCH: SALET CORNI BUNCH HUNCH MUNCH PUNCH 
PUPAL: SALET CORNI ALPHA PUPAL 
PUPIL: SALET CORNI DUMPY PUPIL 
PUPPY: SALET CORNI DUMPY GUPPY PUPPY 
PUREE: SALET CORNI PUREE 
PURER: SALET CORNI PUREE PURER 
PURGE: SALET CORNI MERRY PURGE 
PURSE: SALET CORNI PURSE 
PUSHY: SALET CORNI HUSKY MUSHY BUSHY PUSHY 
PUTTY: SALET CORNI THUMB PUTTY 
PYGMY: SALET CORNI DUMPY PYGMY 
QUACK: SALET CORNI ABACK QUACK 
QUAIL: SALET CORNI AVAIL FLAIL QUAIL 
QUAKE: SALET CORNI DUMPY QUAKE 
QUALM: SALET CORNI ALPHA QUALM 
QUARK: SALET CORNI DUMPY AUGUR QUARK 
QUART: SALET CORNI DRAFT APART QUART 
QUASH: SALET CORNI AMASS QUASH 
QUASI: SALET CORNI QUASI 
QUEEN: SALET CORNI KNEED QUEEN 
QUEER: SALET CORNI DUMPY QUEER 
QUELL: SALET CORNI FLUME QUELL 
QUERY: SALET CORNI REEDY EVERY QUERY 
QUEST: SALET CREST GUEST QUEST 
QUEUE: SALET CORNI DUMPY FUGUE QUEUE 
QUICK: SALET CORNI JUICY QUICK 
QUIET: SALET CORNI QUIET 
QUILL: SALET CORNI DUMPY QUILL 
QUILT: SALET CORNI BUILT GUILT QUILT 
QUIRK: SALET CORNI GRIMY QUIRK 
QUITE: SALET CORNI DEITY QUITE 
QUOTA: SALET CORNI QUOTA 
QUOTE: SALET CORNI DETOX QUOTE 
QUOTH: SALET CORNI OUTDO QUOTH 
RABBI: SALET CORNI RABBI 
RABID: SALET CORNI DAIRY RABID 
RACER: SALET CORNI RACER 
RADAR: SALET CORNI RADAR 
RADII: SALET CORNI RABBI RADII 
RADIO: SALET CORNI RADIO 
RAINY: SALET CORNI RAINY 
RAISE: SALET PAUSE MASSE RAISE 
RAJAH: SALET CORNI RADAR RAJAH 
RALLY: SALET RALLY 
RALPH: SALET RALLY RALPH 
RAMEN: SALET CORNI RAMEN 
RANCH: SALET CORNI RANCH 
RANDY: SALET CORNI RANDY 
RANGE: SALET CORNI RANGE 
RAPID: SALET CORNI DAIRY RABID RAPID 
RARER: SALET CORNI PARER RARER 
RASPY: SALET GASSY RASPY 
RATIO: SALET CORNI RATIO 
RATTY: SALET CORNI RATTY 
RAVEN: SALET CORNI RAMEN RAVEN 
RAYON: SALET CORNI MANOR RAYON 
RAZOR: SALET CORNI MAJOR FAVOR RAZOR 
REACH: SALET CORNI BRACE REACH 
REACT: SALET CORNI REACT 
READY: SALET CORNI DUMPY READY 
REALM: SALET CORNI BLARE REALM 
REARM: SALET CORNI DUMPY FRAME REARM 
REBAR: SALET CORNI DUMPY BRAVE REBAR 
REBEL: SALET CORNI LEPER REVEL REBEL 
REBUS: SALET CORNI DRESS REBUS 
REBUT: SALET CORNI ERUPT REBUT 
RECAP: SALET CORNI BRACE RECAP 
RECUR: SALET CORNI DECRY RECUR 
RECUT: SALET CORNI ERECT RECUT 
REEDY: SALET CORNI REEDY 
REFER: SALET CORNI DUMPY FEVER REFER 
REFIT: SALET CORNI REFIT 
REGAL: SALET CORNI BLARE REGAL 
REHAB: SALET CORNI DUMPY BRAVE REBAR REHAB 
REIGN: SALET CORNI REIGN 
RELAX: SALET RELAY RELAX 
RELAY: SALET RELAY 
RELIC: SALET CORNI RELIC 
REMIT: SALET CORNI REFIT REMIT 
RENAL: SALET CORNI LEARN RENAL 
RENEW: SALET CORNI NEVER RENEW 
REPAY: SALET CORNI DUMPY REPAY 
REPEL: SALET CORNI LEPER REPEL 
REPLY: SALET CORNI LEERY REPLY 
RERUN: SALET CORNI NERDY RERUN 
RESET: SALET UNSET BESET RESET 
RESIN: SALET CORNI RESIN 
RETCH: SALET CORNI RETCH 
RETRO: SALET CORNI TROPE METRO RETRO 
RETRY: SALET CORNI THERE RETRY 
REUSE: SALET CORNI DRESS REUSE 
REVEL: SALET CORNI LEPER REVEL 
REVUE: SALET CORNI REEDY REVUE 
RHINO: SALET CORNI IRONY RHINO 
RHYME: SALET CORNI REEDY RHYME 
RIDER: SALET CORNI DUMPY RIDER 
RIDGE: SALET CORNI DUMPY BRIDE RIDGE 
RIFLE: SALET CORNI RIFLE 
RIGHT: SALET CORNI DRIFT RIGHT 
RIGID: SALET CORNI GRIMY RIGID 
RIGOR: SALET CORNI PRIOR RIGOR 
RINSE: SALET CORNI RESIN RINSE 
RIPEN: SALET CORNI DINER RIPEN 
RIPER: SALET CORNI DUMPY PIPER RIPER 
RISEN: SALET RISER RISEN 
RISER: SALET RISER 
RISKY: SALET CORNI BRISK RISKY 
RIVAL: SALET CORNI FRAIL RIVAL 
RIVER: SALET CORNI DUMPY GIVER RIVER 
RIVET: SALET CORNI RIVET 
ROACH: SALET CORNI ROACH 
ROAST: SALET BOAST COAST ROAST 
ROBIN: SALET CORNI ROBIN 
ROBOT: SALET CORNI ROBOT 
ROCKY: SALET CORNI ROCKY 
RODEO: SALET CORNI DUMPY RODEO 
ROGER: SALET CORNI DUMPY ROVER ROGER 
ROGUE: SALET CORNI ROGUE 
ROOMY: SALET CORNI ROWDY ROOMY 
ROOST: SALET CORNI ROOST 
ROTOR: SALET CORNI MOTOR ROTOR 
ROUGE: SALET CORNI ROGUE ROUGE 
ROUGH: SALET CORNI ROWDY ROUGH 
ROUND: SALET CORNI ROUND 
ROUSE: SALET CORNI ROUSE 
ROUTE: SALET CORNI ROUTE 
ROVER: SALET CORNI DUMPY ROVER 
ROWDY: SALET CORNI ROWDY 
ROWER: SALET CORNI DUMPY ROVER ROGER ROWER 
ROYAL: SALET CORNI ROYAL 
RUDDY: SALET CORNI RUDDY 
RUDER: SALET CORNI DUMPY RUDER 
RUGBY: SALET CORNI RUDDY RUGBY 
RULER: SALET FILER RULER 
RUMBA: SALET CORNI DUMPY RUMBA 
RUMOR: SALET CORNI DUMPY HUMOR RUMOR 
RUPEE: SALET CORNI DUMPY RUPEE 
RURAL: SALET CORNI MURAL RURAL 
RUSTY: SALET GUSTY DUSTY MUSTY RUSTY 
SADLY: SALET SADLY 
SAFER: SALET SAFER 
SAINT: SALET SAINT 
SALAD: SALET SALAD 
SALLY: SALET SALAD SALLY 
SALON: SALET SALAD SALLY SALON 
SALSA: SALET SALAD SALLY SALON SALSA 
SALTY: SALET SALTY 
SALVE: SALET SALVE 
SALVO: SALET SALAD SALLY SALON SALVO 
SANDY: SALET SAVOY SAUCY SANDY 
SANER: SALET SAFER SANER 
SAPPY: SALET SAVOY SAUCY SANDY SAPPY 
SASSY: SALET SAVOY SAUCY SANDY SAPPY SASSY 
SATIN: SALET SATIN 
SATYR: SALET SATIN SATYR 
SAUCE: SALET SAUCE 
SAUCY: SALET SAVOY SAUCY 
SAUNA: SALET SAVOY SAUNA 
SAUTE: SALET SAUTE 
SAVOR: SALET SAVOY SAVOR 
SAVOY: SALET SAVOY 
SAVVY: SALET SAVOY SAVVY 
SCALD: SALET CORNI SCALD 
SCALE: SALET SCALE 
SCALP: SALET CORNI SCALD SCALP 
SCALY: SALET CORNI SCALD SCALP SCALY 
SCAMP: SALET CORNI SHACK SCAMP 
SCANT: SALET SMART SCANT 
SCARE: SALET CORNI SCARE 
SCARF: SALET CORNI SCARF 
SCARY: SALET CORNI SCARF SCARY 
SCENE: SALET CORNI SCENE 
SCENT: SALET SCENT 
SCION: SALET CORNI SCION 
SCOFF: SALET CORNI SHOCK SCOFF 
SCOLD: SALET CORNI SCOLD 
SCONE: SALET CORNI SCONE 
SCOOP: SALET CORNI SHOCK SCOFF SCOOP 
SCOPE: SALET CORNI SCOPE 
SCORE: SALET CORNI SCORE 
SCORN: SALET CORNI SCORN 
SCOUR: SALET CORNI SCOUR 
SCOUT: SALET CORNI SCOUT 
SCOWL: SALET CORNI SCOLD SCOWL 
SCRAM: SALET CORNI SCRAM 
SCRAP: SALET CORNI SCRAM SCRAP 
SCREE: SALET CORNI SCREE 
SCREW: SALET CORNI SCREE SCREW 
SCRUB: SALET CORNI SCRUB 
SCRUM: SALET CORNI SCRUB SCRUM 
SCUBA: SALET CORNI SHACK SCUBA 
SEDAN: SALET CORNI SNEAK SEDAN 
SEEDY: SALET CORNI SEEDY 
SEGUE: SALET CORNI SEEDY SEGUE 
SEIZE: SALET CORNI SIEGE SEIZE 
SEMEN: SALET CORNI SEMEN 
SENSE: SALET CORNI SENSE 
SEPIA: SALET CORNI SEPIA 
SERIF: SALET CORNI SERIF 
SERUM: SALET CORNI SERVE SERUM 
SERVE: SALET CORNI SERVE 
SETUP: SALET STORE SETUP 
SEVEN: SALET CORNI SEMEN SEVEN 
SEVER: SALET CORNI SEVER 
SEWER: SALET CORNI SEVER SEWER 
SHACK: SALET CORNI SHACK 
SHADE: SALET CORNI SHADE 
SHADY: SALET CORNI SWASH SHADY 
SHAFT: SALET SMART SCANT SHAFT 
SHAKE: SALET CORNI SHADE SHAVE SHAKE 
SHAKY: SALET CORNI SWASH SHADY SHAKY 
SHALE: SALET SCALE SHALE 
SHALL: SALET CORNI SHALL 
SHALT: SALET SHALT 
SHAME: SALET CORNI SHADE SHAVE SHAKE SHAME 
SHANK: SALET CORNI SHANK 
SHAPE: SALET CORNI SHADE SHAVE SHAKE SHAME SHAPE 
SHARD: SALET CORNI SHARK SHARD 
SHARE: SALET CORNI SHEAR SHARE 
SHARK: SALET CORNI SHARK 
SHARP: SALET CORNI SHARK SHARD SHARP 
SHAVE: SALET CORNI SHADE SHAVE 
SHAWL: SALET CORNI SHALL SHAWL 
SHEAR: SALET CORNI SHEAR 
SHEEN: SALET CORNI SEMEN SHEEN 
SHEEP: SALET CORNI SHEEP 
SHEER: SALET CORNI SEVER SHEER 
SHEET: SALET SHEET 
SHEIK: SALET CORNI SIEGE SHEIK 
SHELF: SALET SHELL SHELF 
SHELL: SALET SHELL 
SHIED: SALET CORNI SHIED 
SHIFT: SALET CORNI SHIFT 
SHINE: SALET CORNI SHINE 
SHINY: SALET CORNI SHINY 
SHIRE: SALET CORNI SHIRE 
SHIRK: SALET CORNI SHIRK 
SHIRT: SALET CORNI SHIRT 
SHOAL: SALET CORNI SHOAL 
SHOCK: SALET CORNI SHOCK 
SHONE: SALET CORNI SHONE 
SHOOK: SALET CORNI SHOOK 
SHOOT: SALET CORNI SHOUT SHOOT 
SHORE: SALET CORNI SHORE 
SHORN: SALET CORNI SHORN 
SHORT: SALET CORNI SHORT 
SHOUT: SALET CORNI SHOUT 
SHOVE: SALET CORNI SMOKE SHOVE 
SHOWN: SALET CORNI SPOON SHOWN 
SHOWY: SALET CORNI SHOOK SHOWY 
SHREW: SALET CORNI SHREW 
SHRUB: SALET CORNI SHRUB 
SHRUG: SALET CORNI SHRUB SHRUG 
SHUCK: SALET CORNI SHUCK 
SHUNT: SALET CORNI SHUNT 
SHUSH: SALET CORNI SHUSH 
SHYLY: SALET CORNI SKULK SLYLY SHYLY 
SIEGE: SALET CORNI SIEGE 
SIEVE: SALET CORNI SIEGE SIEVE 
SIGHT: SALET CORNI SHIFT SIGHT 
SIGMA: SALET CORNI SIGMA 
SILKY: SALET SILKY 
SILLY: SALET SILKY SILLY 
SINCE: SALET CORNI SINCE 
SINEW: SALET CORNI SINEW 
SINGE: SALET CORNI SNIDE SINGE 
SIREN: SALET CORNI SIREN 
SISSY: SALET CORNI SKIFF SISSY 
SIXTH: SALET CORNI SIXTH 
SIXTY: SALET CORNI SIXTH SIXTY 
SKATE: SALET STATE SKATE 
SKIER: SALET CORNI SKIER 
SKIFF: SALET CORNI SKIFF 
SKILL: SALET CORNI SKILL 
SKIMP: SALET CORNI SKIFF SKIMP 
SKIRT: SALET CORNI SHIRT SKIRT 
SKULK: SALET CORNI SKULK 
SKULL: SALET CORNI SKULK SKULL 
SKUNK: SALET CORNI SKUNK 
SLACK: SALET CORNI SCALD SLACK 
SLAIN: SALET CORNI SLAIN 
SLANG: SALET CORNI SLANG 
SLANT: SALET SHALT SLANT 
SLASH: SALET CORNI SHALL SLASH 
SLATE: SALET STALE SLATE 
SLAVE: SALET SCALE SLAVE 
SLEEK: SALET SLEEK 
SLEEP: SALET SLEEK SLEEP 
SLEET: SALET SLEET 
SLEPT: SALET SMELT SLEPT 
SLICE: SALET SHELL SLICE 
SLICK: SALET CORNI SLICK 
SLIDE: SALET SHELL SLICE SLIDE 
SLIME: SALET SHELL SLICE SLIDE SLIME 
SLIMY: SALET CORNI SKILL SLIMY 
SLING: SALET CORNI SLING 
SLINK: SALET CORNI SLING SLINK 
SLOOP: SALET CORNI SLOOP 
SLOPE: SALET SHELL SLICE SLOPE 
SLOSH: SALET CORNI SLOOP SLOSH 
SLOTH: SALET STOOL SLOTH 
SLUMP: SALET CORNI SKULK SLUMP 
SLUNG: SALET CORNI SLUNG 
SLUNK: SALET CORNI SLUNG SLUNK 
SLURP: SALET CORNI SLURP 
SLUSH: SALET CORNI SKULK SLUMP SLUSH 
SLYLY: SALET CORNI SKULK SLYLY 
SMACK: SALET CORNI SHACK SMACK 
SMALL: SALET CORNI SHALL SMALL 
SMART: SALET SMART 
SMASH: SALET CORNI SWASH SMASH 
SMEAR: SALET CORNI SHEAR SPEAR SMEAR 
SMELL: SALET SHELL SMELL 
SMELT: SALET SMELT 
SMILE: SALET SHELL SMILE 
SMIRK: SALET CORNI SHIRK SMIRK 
SMITE: SALET STORE SMITE 
SMITH: SALET CORNI SIXTH SMITH 
SMOCK: SALET CORNI SHOCK SMOCK 
SMOKE: SALET CORNI SMOKE 
SMOKY: SALET CORNI SHOOK SMOKY 
SMOTE: SALET STORE SMOTE 
SNACK: SALET CORNI SNACK 
SNAIL: SALET CORNI SLAIN SNAIL 
SNAKE: SALET CORNI SNEAK SNAKE 
SNAKY: SALET CORNI SNAKY 
SNARE: SALET CORNI SNARE 
SNARL: SALET CORNI SNARL 
SNEAK: SALET CORNI SNEAK 
SNEER: SALET CORNI SNEER 
SNIDE: SALET CORNI SNIDE 
SNIFF: SALET CORNI SNIFF 
SNIPE: SALET CORNI SNIDE SNIPE 
SNOOP: SALET CORNI SPOON SNOOP 
SNORE: SALET CORNI SNORE 
SNORT: SALET CORNI SNORT 
SNOUT: SALET CORNI SNOUT 
SNOWY: SALET CORNI SPOON SNOWY 
SNUCK: SALET CORNI SNUCK 
SNUFF: SALET CORNI SNUFF 
SOAPY: SALET CORNI SOAPY 
SOBER: SALET CORNI SOBER 
SOGGY: SALET CORNI SOGGY 
SOLAR: SALET SOLAR 
SOLID: SALET SILKY SOLID 
SOLVE: SALET SOLVE 
SONAR: SALET CORNI SONAR 
SONIC: SALET CORNI SONIC 
SOOTH: SALET CORNI SOOTH 
SOOTY: SALET CORNI SOOTH SOOTY 
SORRY: SALET CORNI SORRY 
SOUND: SALET CORNI SOUND 
SOUTH: SALET CORNI SOOTH SOUTH 
SOWER: SALET CORNI SOBER SOWER 
SPACE: SALET CORNI SPACE 
SPADE: SALET CORNI SHADE SPADE 
SPANK: SALET CORNI SHANK SPANK 
SPARE: SALET CORNI SHEAR SPARE 
SPARK: SALET CORNI SHARK SPARK 
SPASM: SALET CORNI SWASH SPASM 
SPAWN: SALET CORNI SNAKY SPAWN 
SPEAK: SALET CORNI SHADE SPEAK 
SPEAR: SALET CORNI SHEAR SPEAR 
SPECK: SALET CORNI SPECK 
SPEED: SALET CORNI SHEEP SPEED 
SPELL: SALET SHELL SMELL SPELL 
SPELT: SALET SMELT SPELT 
SPEND: SALET CORNI SPEND 
SPENT: SALET SCENT SPENT 
SPERM: SALET CORNI SPERM 
SPICE: SALET CORNI SPICE 
SPICY: SALET CORNI SPICY 
SPIED: SALET CORNI SHIED SPIED 
SPIEL: SALET SLEEK SPIEL 
SPIKE: SALET CORNI SIEGE SEIZE SPIKE 
SPIKY: SALET CORNI SKIFF SPIKY 
SPILL: SALET CORNI SKILL SPILL 
SPILT: SALET SPILT 
SPINE: SALET CORNI SHINE SPINE 
SPINY: SALET CORNI SHINY SPINY 
SPIRE: SALET CORNI SHIRE SPIRE 
SPITE: SALET STORE SMITE SPITE 
SPLAT: SALET SPLAT 
SPLIT: SALET SPLIT 
SPOIL: SALET CORNI SPOIL 
SPOKE: SALET CORNI SMOKE SPOKE 
SPOOF: SALET CORNI SHOOK SPOOF 
SPOOK: SALET CORNI SHOOK SPOOK 
SPOOL: SALET CORNI SLOOP SPOOL 
SPOON: SALET CORNI SPOON 
SPORE: SALET CORNI SHORE SPORE 
SPORT: SALET CORNI SHORT SPORT 
SPOUT: SALET CORNI SHOUT SPOUT 
SPRAY: SALET CORNI SPRAY 
SPREE: SALET CORNI SHREW SPREE 
SPRIG: SALET CORNI SPRIG 
SPUNK: SALET CORNI SKUNK SPUNK 
SPURN: SALET CORNI SPURN 
SPURT: SALET CORNI SPURT 
SQUAD: SALET CORNI SWASH SQUAD 
SQUAT: SALET SMART SQUAT 
SQUIB: SALET CORNI SKIFF SISSY SQUIB 
STACK: SALET CORNI STACK 
STAFF: SALET CORNI STASH STAFF 
STAGE: SALET STATE STAGE 
STAID: SALET CORNI STAID 
STAIN: SALET CORNI STAIN 
STAIR: SALET CORNI STAIR 
STAKE: SALET STATE STAGE STAKE 
STALE: SALET STALE 
STALK: SALET STALK 
STALL: SALET STALK STALL 
STAMP: SALET CORNI STASH STAFF STAMP 
STAND: SALET CORNI STAND 
STANK: SALET CORNI STAND STANK 
STARE: SALET STATE STAGE STAKE STARE 
STARK: SALET CORNI STARK 
START: SALET SMART START 
STASH: SALET CORNI STASH 
STATE: SALET STATE 
STAVE: SALET STATE STAGE STAKE STARE STAVE 
STEAD: SALET STATE STEAD 
STEAK: SALET STATE STEAD STEAK 
STEAL: SALET STALE STEAL 
STEAM: SALET STATE STEAD STEAK STEAM 
STEED: SALET STEED 
STEEL: SALET STEEL 
STEEP: SALET STEED STEEP 
STEER: SALET STEED STEEP STEER 
STEIN: SALET STORE STEIN 
STERN: SALET STORE STERN 
STICK: SALET CORNI STICK 
STIFF: SALET CORNI SIXTH STIFF 
STILL: SALET STOOL STILL 
STILT: SALET SPILT STILT 
STING: SALET CORNI STING 
STINK: SALET CORNI STING STINK 
STINT: SALET CORNI STINT 
STOCK: SALET CORNI STOCK 
STOIC: SALET CORNI STOIC 
STOKE: SALET STORE STOKE 
STOLE: SALET STOLE 
STOMP: SALET CORNI STOOP STOMP 
STONE: SALET STORE STOKE STONE 
STONY: SALET CORNI STONY 
STOOD: SALET CORNI STOOP STOOD 
STOOL: SALET STOOL 
STOOP: SALET CORNI STOOP 
STORE: SALET STORE 
STORK: SALET CORNI STORK 
STORM: SALET CORNI STORK STORM 
STORY: SALET CORNI STORK STORM STORY 
STOUT: SALET CORNI SHOUT SPOUT STOUT 
STOVE: SALET STORE STOKE STONE STOVE 
STRAP: SALET CORNI STRAP 
STRAW: SALET CORNI STRAP STRAW 
STRAY: SALET CORNI STRAP STRAW STRAY 
STRIP: SALET CORNI STRIP 
STRUT: SALET CORNI STRUT 
STUCK: SALET CORNI STUCK 
STUDY: SALET CORNI STUDY 
STUFF: SALET CORNI STUDY STUFF 
STUMP: SALET CORNI STUDY STUFF STUMP 
STUNG: SALET CORNI STUNG 
STUNK: SALET CORNI STUNG STUNK 
STUNT: SALET CORNI SHUNT STUNT 
STYLE: SALET STOLE STYLE 
SUAVE: SALET CORNI SHADE SUAVE 
SUGAR: SALET CORNI SHARK SUGAR 
SUING: SALET CORNI SHINY SUING 
SUITE: SALET STORE SMITE SPITE SUITE 
SULKY: SALET SILKY SULKY 
SULLY: SALET SILKY SULLY 
SUMAC: SALET CORNI SHACK SCUBA SUMAC 
SUNNY: SALET CORNI SKUNK SUNNY 
SUPER: SALET CORNI SEVER SHEER SUPER 
SURER: SALET CORNI SHREW SPREE SURER 
SURGE: SALET CORNI SERVE SURGE 
SURLY: SALET CORNI SURLY 
SUSHI: SALET CORNI SUSHI 
SWAMI: SALET CORNI SWAMI 
SWAMP: SALET CORNI SWASH SWAMP 
SWARM: SALET CORNI SHARK SWARM 
SWASH: SALET CORNI SWASH 
SWATH: SALET CORNI STASH SWATH 
SWEAR: SALET CORNI SHEAR SPEAR SMEAR SWEAR 
SWEAT: SALET SWEAT 
SWEEP: SALET CORNI SHEEP SWEEP 
SWEET: SALET SHEET SWEET 
SWELL: SALET SHELL SMELL SPELL SWELL 
SWEPT: SALET SCENT SWEPT 
SWIFT: SALET CORNI SHIFT SWIFT 
SWILL: SALET CORNI SKILL SPILL SWILL 
SWINE: SALET CORNI SHINE SPINE SWINE 
SWING: SALET CORNI SHINY SUING SWING 
SWIRL: SALET CORNI SWIRL 
SWISH: SALET CORNI SKIFF SWISH 
SWOON: SALET CORNI SPOON SWOON 
SWOOP: SALET CORNI SHOOK SPOOF SWOOP 
SWORD: SALET CORNI SWORD 
SWORE: SALET CORNI SHORE SPORE SWORE 
SWORN: SALET CORNI SHORN SWORN 
SWUNG: SALET CORNI SKUNK SWUNG 
SYNOD: SALET CORNI SPOON SYNOD 
SYRUP: SALET CORNI SHRUB SYRUP 
TABBY: SALET CORNI TATTY TABBY 
TABLE: SALET LATHE TABLE 
TABOO: SALET CORNI TABOO 
TACIT: SALET CORNI TACIT 
TACKY: SALET CORNI BATCH TACKY 
TAFFY: SALET CORNI TATTY TABBY TAFFY 
TAINT: SALET CORNI FAINT PAINT TAINT 
TAKEN: SALET EATER TAKEN 
TAKER: SALET EATER TAKER 
TALLY: SALET TALLY 
TALON: SALET TALLY TALON 
TAMER: SALET EATER TAKER TAMER 
TANGO: SALET CORNI BATON TANGO 
TANGY: SALET CORNI TANGY 
TAPER: SALET EATER TAKER TAMER TAPER 
TAPIR: SALET CORNI TAPIR 
TARDY: SALET CORNI PARTY TARDY 
TAROT: SALET CORNI TAROT 
TASTE: SALET BASTE CASTE HASTE PASTE TASTE 
TASTY: SALET PASTY HASTY NASTY TASTY 
TATTY: SALET CORNI TATTY 
TAUNT: SALET CORNI DAUNT GAUNT HAUNT JAUNT TAUNT 
TAWNY: SALET CORNI TAWNY 
TEACH: SALET CORNI ACUTE TEACH 
TEARY: SALET CORNI TRADE TEARY 
TEASE: SALET TEASE 
TEDDY: SALET CORNI JETTY TEDDY 
TEETH: SALET CORNI JETTY TEETH 
TEMPO: SALET CORNI DETOX TEMPO 
TENET: SALET CORNI TENET 
TENOR: SALET CORNI TENOR 
TENSE: SALET TENSE 
TENTH: SALET CORNI TENTH 
TEPEE: SALET CORNI TEPEE 
TEPID: SALET CORNI DEITY FETID TEPID 
TERRA: SALET CORNI TERRA 
TERSE: SALET TENSE TERSE 
TESTY: SALET TENSE TESTY 
THANK: SALET CORNI THANK 
THEFT: SALET CORNI DEBUT THEFT 
THEIR: SALET CORNI TRITE THEIR 
THEME: SALET CORNI JETTY THEME 
THERE: SALET CORNI THERE 
THESE: SALET TENSE THESE 
THETA: SALET CORNI DEATH THETA 
THICK: SALET CORNI DITCH THICK 
THIEF: SALET CORNI THIEF 
THIGH: SALET CORNI WITTY THIGH 
THING: SALET CORNI THING 
THINK: SALET CORNI THING THINK 
THIRD: SALET CORNI FRITZ THIRD 
THONG: SALET CORNI THONG 
THORN: SALET CORNI THORN 
THOSE: SALET TENSE THESE THOSE 
THREE: SALET CORNI THREE 
THREW: SALET CORNI THREE THREW 
THROB: SALET CORNI THROB 
THROW: SALET CORNI THROB THROW 
THRUM: SALET CORNI THRUM 
THUMB: SALET CORNI THUMB 
THUMP: SALET CORNI THUMB THUMP 
THYME: SALET CORNI JETTY THYME 
TIARA: SALET CORNI TIARA 
TIBIA: SALET CORNI AMITY TIBIA 
TIDAL: SALET CORNI TIDAL 
TIGER: SALET CORNI TIGER 
TIGHT: SALET CORNI TIGHT 
TILDE: SALET TILDE 
TIMER: SALET CORNI TIGER TIMER 
TIMID: SALET CORNI WITTY TIMID 
TIPSY: SALET GUSTY TIPSY 
TITAN: SALET CORNI TITAN 
TITHE: SALET CORNI DEITY TITHE 
TITLE: SALET ELITE LITHE TITLE 
TOAST: SALET BOAST COAST ROAST TOAST 
TODAY: SALET CORNI TODAY 
TODDY: SALET CORNI MOUTH TODDY 
TOKEN: SALET CORNI TOKEN 
TONAL: SALET CORNI TONAL 
TONGA: SALET CORNI TONGA 
TONIC: SALET CORNI TONIC 
TOOTH: SALET CORNI MOUTH TOOTH 
TOPAZ: SALET CORNI TODAY TOPAZ 
TOPIC: SALET CORNI TOPIC 
TORCH: SALET CORNI TORCH 
TORSO: SALET GUSTY TORSO 
TORUS: SALET GUSTY TORUS 
TOTAL: SALET CORNI LOATH TOTAL 
TOTEM: SALET CORNI TOTEM 
TOUCH: SALET CORNI BOTCH TOUCH 
TOUGH: SALET CORNI MOUTH TOUGH 
TOWEL: SALET HOTEL TOWEL 
TOWER: SALET CORNI TOWER 
TOXIC: SALET CORNI TOPIC TOXIC 
TOXIN: SALET CORNI TOXIN 
TRACE: SALET CORNI TRACE 
TRACK: SALET CORNI TRACK 
TRACT: SALET CORNI TRACT 
TRADE: SALET CORNI TRADE 
TRAIL: SALET CORNI TRAIL 
TRAIN: SALET CORNI TRAIN 
TRAIT: SALET CORNI TRAIT 
TRAMP: SALET CORNI TRAMP 
TRASH: SALET ARTSY TRASH 
TRAWL: SALET CORNI ALTAR TRAWL 
TREAD: SALET CORNI TRADE TREAD 
TREAT: SALET CORNI GREAT TREAT 
TREND: SALET CORNI TREND 
TRIAD: SALET CORNI TIARA TRIAD 
TRIAL: SALET CORNI TRAIL TRIAL 
TRIBE: SALET CORNI TRITE TRIBE 
TRICE: SALET CORNI TRICE 
TRICK: SALET CORNI TRICK 
TRIED: SALET CORNI TIGER TRIED 
TRIPE: SALET CORNI TRITE TRIBE TRIPE 
TRITE: SALET CORNI TRITE 
TROLL: SALET TROLL 
TROOP: SALET CORNI TROOP 
TROPE: SALET CORNI TROPE 
TROUT: SALET CORNI GROUT TROUT 
TROVE: SALET CORNI TROPE TROVE 
TRUCE: SALET CORNI RETCH TRUCE 
TRUCK: SALET CORNI TRUCK 
TRUER: SALET CORNI DETER TRUER 
TRULY: SALET TROLL TRULY 
TRUMP: SALET CORNI TRUMP 
TRUNK: SALET CORNI TRUNK 
TRUSS: SALET GUSTY TORUS TRUSS 
TRUST: SALET CORNI TRUST 
TRUTH: SALET CORNI TRUMP TRUTH 
TRYST: SALET CORNI TRUST TRYST 
TUBAL: SALET CORNI APTLY TUBAL 
TUBER: SALET CORNI DETER TRUER TUBER 
TULIP: SALET FILTH TULIP 
TULLE: SALET TILDE TULLE 
TUMOR: SALET CORNI TROOP TUMOR 
TUNIC: SALET CORNI TUNIC 
TURBO: SALET CORNI THROB TURBO 
TUTOR: SALET CORNI TROOP TUMOR TUTOR 
TWANG: SALET CORNI THANK TWANG 
TWEAK: SALET CORNI DEATH TWEAK 
TWEED: SALET CORNI TEPEE TWEED 
TWEET: SALET CORNI BEGET DUVET TWEET 
TWICE: SALET CORNI ETHIC TWICE 
TWINE: SALET CORNI TWINE 
TWIRL: SALET TROLL TWIRL 
TWIST: SALET CORNI MIDST TWIST 
TWIXT: SALET CORNI TIGHT TWIXT 
TYING: SALET CORNI THING TYING 
UDDER: SALET CORNI DUMPY UDDER 
ULCER: SALET CORNI ULCER 
ULTRA: SALET CORNI ALTAR ULTRA 
UMBRA: SALET CORNI DUMPY UMBRA 
UNCLE: SALET CORNI UNCLE 
UNCUT: SALET CORNI UNCUT 
UNDER: SALET CORNI NEVER UNDER 
UNDID: SALET CORNI KINKY UNDID 
UNDUE: SALET CORNI UNDUE 
UNFED: SALET CORNI KNEED UNFED 
UNFIT: SALET CORNI INPUT UNFIT 
UNIFY: SALET CORNI KINKY UNIFY 
UNION: SALET CORNI ONION UNION 
UNITE: SALET CORNI UNITE 
UNITY: SALET CORNI MINTY UNITY 
UNLIT: SALET PILOT UNLIT 
UNMET: SALET CORNI TENET UNMET 
UNSET: SALET UNSET 
UNTIE: SALET CORNI UNITE UNTIE 
UNTIL: SALET TROLL UNTIL 
UNWED: SALET CORNI KNEED UNFED UNWED 
UNZIP: SALET CORNI KINKY UNDID UNZIP 
UPPER: SALET CORNI DUMPY UPPER 
UPSET: SALET UNSET UPSET 
URBAN: SALET CORNI BRAWN URBAN 
URINE: SALET CORNI BRINE URINE 
USAGE: SALET CORNI ABASE USAGE 
USHER: SALET RISER USHER 
USING: SALET CORNI USING 
USUAL: SALET CLASH USUAL 
USURP: SALET CORNI BRUSH USURP 
UTILE: SALET ELITE UTILE 
UTTER: SALET CORNI DETER UTTER 
VAGUE: SALET CORNI GAUGE VAGUE 
VALET: SALET VALET 
VALID: SALET RALLY VALID 
VALOR: SALET RALLY VALOR 
VALUE: SALET VALVE VALUE 
VALVE: SALET VALVE 
VAPID: SALET CORNI MAFIA VAPID 
VAPOR: SALET CORNI MAJOR FAVOR VAPOR 
VAULT: SALET FAULT VAULT 
VAUNT: SALET CORNI DAUNT GAUNT HAUNT JAUNT TAUNT VAUNT 
VEGAN: SALET CORNI KNEAD BEGAN VEGAN 
VENOM: SALET CORNI ENJOY DEMON VENOM 
VENUE: SALET CORNI UNDUE VENUE 
VERGE: SALET CORNI MERRY VERGE 
VERSE: SALET CORNI PURSE VERSE 
VERSO: SALET CORNI VERSO 
VERVE: SALET CORNI MERRY VERGE VERVE 
VICAR: SALET CORNI VICAR 
VIDEO: SALET CORNI VIDEO 
VIGIL: SALET CORNI DUMPY VIGIL 
VIGOR: SALET CORNI PRIOR RIGOR VIGOR 
VILLA: SALET ALLAY POLKA VILLA 
VINYL: SALET CORNI VINYL 
VIOLA: SALET CORNI VIOLA 
VIPER: SALET CORNI DUMPY PIPER RIPER VIPER 
VIRAL: SALET CORNI VIRAL 
VIRUS: SALET CORNI VIRUS 
VISIT: SALET CORNI MIDST VISIT 
VISOR: SALET CORNI VISOR 
VISTA: SALET ARTSY VISTA 
VITAL: SALET CORNI TIDAL VITAL 
VIVID: SALET CORNI WIMPY VIVID 
VIXEN: SALET CORNI WIDEN GIVEN VIXEN 
VOCAL: SALET CORNI FOCAL LOCAL VOCAL 
VODKA: SALET CORNI DOGMA VODKA 
VOGUE: SALET CORNI DODGE VOGUE 
VOICE: SALET CORNI VOICE 
VOILA: SALET CORNI VOILA 
VOMIT: SALET CORNI VOMIT 
VOTER: SALET CORNI TOWER VOTER 
VOUCH: SALET CORNI POUCH VOUCH 
VOWEL: SALET CORNI BOWEL DOWEL VOWEL 
VYING: SALET CORNI DYING VYING 
WACKY: SALET CORNI MACAW WACKY 
WAFER: SALET CORNI GAYER WAFER 
WAGER: SALET CORNI GAYER WAGER 
WAGON: SALET CORNI BANJO WAGON 
WAIST: SALET WAIST 
WAIVE: SALET CORNI MAIZE WAIVE 
WALTZ: SALET TALLY WALTZ 
WARTY: SALET CORNI PARTY WARTY 
WASTE: SALET BASTE CASTE HASTE PASTE TASTE WASTE 
WATCH: SALET CORNI BATCH HATCH MATCH PATCH WATCH 
WATER: SALET EATER CATER HATER WATER 
WAVER: SALET CORNI GAYER WAFER WAVER 
WAXEN: SALET CORNI HAVEN WAXEN 
WEARY: SALET CORNI DUMPY WEARY 
WEAVE: SALET CORNI DUMPY HEAVE WEAVE 
WEDGE: SALET CORNI DUMPY HEDGE WEDGE 
WEEDY: SALET CORNI DUMPY WEEDY 
WEIGH: SALET CORNI PIQUE EDIFY WEIGH 
WEIRD: SALET CORNI DUMPY BRIDE WEIRD 
WELCH: SALET CORNI BELCH WELCH 
WELSH: SALET PULSE WELSH 
WENCH: SALET CORNI FENCE BENCH WENCH 
WHACK: SALET CORNI ABACK QUACK WHACK 
WHALE: SALET CORNI DUMPY BLAZE LEAVE WHALE 
WHARF: SALET CORNI DUMPY WHARF 
WHEAT: SALET CORNI WHEAT 
WHEEL: SALET CORNI BEVEL WHEEL 
WHELP: SALET CORNI FLUME DWELL WHELP 
WHERE: SALET CORNI REEDY WHERE 
WHICH: SALET CORNI JUICY WHICH 
WHIFF: SALET CORNI WIMPY WHIFF 
WHILE: SALET CORNI EXILE GUILE WHILE 
WHINE: SALET CORNI EKING WHINE 
WHINY: SALET CORNI DYING WHINY 
WHIRL: SALET CORNI DRILL WHIRL 
WHISK: SALET CORNI MISSY WHISK 
WHITE: SALET CORNI DEITY QUITE WHITE 
WHOLE: SALET CORNI ELOPE WHOLE 
WHOOP: SALET CORNI GUMBO WHOOP 
WHOSE: SALET CORNI OBESE WHOSE 
WIDEN: SALET CORNI WIDEN 
WIDER: SALET CORNI DUMPY RIDER WIDER 
WIDOW: SALET CORNI IDIOM WIDOW 
WIDTH: SALET CORNI WITTY WIDTH 
WIELD: SALET CORNI EXILE WIELD 
WIGHT: SALET CORNI TIGHT FIGHT MIGHT WIGHT 
WILLY: SALET CORNI FILLY BILLY DILLY HILLY WILLY 
WIMPY: SALET CORNI WIMPY 
WINCE: SALET CORNI MINCE WINCE 
WINCH: SALET CORNI FINCH PINCH WINCH 
WINDY: SALET CORNI KINKY DINGY WINDY 
WISER: SALET RISER MISER WISER 
WISPY: SALET CORNI MISSY WISPY 
WITCH: SALET CORNI DITCH HITCH PITCH WITCH 
WITTY: SALET CORNI WITTY 
WOKEN: SALET CORNI WOKEN 
WOMAN: SALET CORNI NOMAD WOMAN 
WOMEN: SALET CORNI WOKEN WOMEN 
WOODY: SALET CORNI DUMPY GOODY WOODY 
WOOER: SALET CORNI DUMPY ROVER BOXER JOKER WOOER 
WOOLY: SALET CORNI LOWLY WOOLY 
WOOZY: SALET CORNI DUMPY BOOBY WOOZY 
WORDY: SALET CORNI WORDY 
WORLD: SALET CORNI LORRY WORLD 
WORRY: SALET CORNI WORDY WORRY 
WORSE: SALET CORNI HORSE WORSE 
WORST: SALET CORNI WORST 
WORTH: SALET CORNI FORTH WORTH 
WOULD: SALET CORNI LOWLY WOULD 
WOUND: SALET CORNI BOUND FOUND HOUND MOUND POUND WOUND 
WOVEN: SALET CORNI WOKEN WOMEN WOVEN 
WRACK: SALET CORNI WRACK 
WRATH: SALET CORNI TRAMP WRATH 
WREAK: SALET CORNI DUMPY BRAVE FREAK WREAK 
WRECK: SALET CORNI DECRY WRECK 
WREST: SALET CREST WREST 
WRING: SALET CORNI BRING WRING 
WRIST: SALET CORNI WRIST 
WRITE: SALET CORNI TRITE WRITE 
WRONG: SALET CORNI PRONG WRONG 
WROTE: SALET CORNI TROPE WROTE 
WRUNG: SALET CORNI DRUNK WRUNG 
WRYLY: SALET CORNI DRYLY WRYLY 
YACHT: SALET CORNI YACHT 
YEARN: SALET CORNI YEARN 
YEAST: SALET BEAST FEAST YEAST 
YIELD: SALET CORNI EXILE WIELD FIELD YIELD 
YOUNG: SALET CORNI BOUND YOUNG 
YOUTH: SALET CORNI MOUTH YOUTH 
ZEBRA: SALET CORNI DUMPY BRAVE REBAR ZEBRA 
ZESTY: SALET TENSE ZESTY 
ZONAL: SALET CORNI ZONAL 
